2024-8-7 12:24:16,5,E-SMP-01,SM-S9280ZOPTGY,"Galaxy S24 Ultra, 1TB, Titanium Orange",SKU Price,10576,Passed,Galaxy Credit,,,SKU Price in Cart,10576,Failed,Extra Trade-In Rebate,,,SC Plus Price,,,Premium Count,3,Passed,-,Items in Cart,SM-S9280ZOPTGY,1,Passed,Z-ITAC13-M,1,Passed,Z-EP-T6530NBEGGB,1,Passed,Z-SM-R400NZWATGY,1,Passed,,,,,,,,,,,,,,,,,,,,,,Failed,103.85
2024-8-7 12:26:5,6,E-SMP-02,SM-S9280ZKHTGY,"Galaxy S24 Ultra, 512GB, Titanium Black",SKU Price,8936,Passed,Galaxy Credit,,,SKU Price in Cart,8936,Failed,Extra Trade-In Rebate,,,SC Plus Price,,,Premium Count,3,Passed,-,Items in Cart,SM-S9280ZKHTGY,1,Passed,Z-ITAC13-M,1,Passed,Z-EP-T6530NBEGGB,1,Passed,Z-SM-R400NZWATGY,1,Passed,,,,,,,,,,,,,,,,,,,,,,Failed,47.47000000000001
2024-8-7 12:26:53,7,E-SMP-03,SM-S9280ZKGTGY,"Galaxy S24 Ultra, 256GB, Titanium Black",SKU Price,8116,Passed,Galaxy Credit,,,SKU Price in Cart,8116,Failed,Extra Trade-In Rebate,,,SC Plus Price,,,Premium Count,3,Passed,-,Items in Cart,SM-S9280ZKGTGY,1,Passed,Z-ITAC13-M,1,Passed,Z-EP-T6530NBEGGB,1,Passed,Z-SM-R400NZWATGY,1,Passed,,,,,,,,,,,,,,,,,,,,,,Failed,45.76000000000002
2024-8-7 12:28:37,8,E-SMP-04,SM-S9260ZKGTGY,"Galaxy S24+, 512GB, Onyx Black",SKU Price,7050,Passed,Galaxy Credit,,,SKU Price in Cart,7050,Failed,Extra Trade-In Rebate,,,SC Plus Price,,,Premium Count,3,Passed,-,Items in Cart,SM-S9260ZKGTGY,1,Passed,Z-ITAC13-M,1,Passed,Z-EP-T6530NBEGGB,1,Passed,Z-SM-R400NZWATGY,1,Passed,,,,,,,,,,,,,,,,,,,,,,Failed,102.43999999999997
2024-8-7 12:29:25,9,E-SMP-05,SM-S9260ZADTGY,"Galaxy S24+, 256GB, Marble Gray",SKU Price,6230,Passed,Galaxy Credit,,,SKU Price in Cart,6230,Failed,Extra Trade-In Rebate,,,SC Plus Price,,,Premium Count,3,Passed,-,Items in Cart,SM-S9260ZADTGY,1,Passed,Z-ITAC13-M,1,Passed,Z-EP-T6530NBEGGB,1,Passed,Z-SM-R400NZWATGY,1,Passed,,,,,,,,,,,,,,,,,,,,,,Failed,47.09000000000003
2024-8-7 12:30:14,10,E-SMP-06,SM-S9210ZKHTGY,"Galaxy S24, 512GB, Onyx Black",SKU Price,5656,Passed,Galaxy Credit,,,SKU Price in Cart,5656,Failed,Extra Trade-In Rebate,,,SC Plus Price,,,Premium Count,3,Passed,-,Items in Cart,SM-S9210ZKHTGY,1,Passed,Z-ITAC13-M,1,Passed,Z-EP-T6530NBEGGB,1,Passed,Z-SM-R400NZWATGY,1,Passed,,,,,,,,,,,,,,,,,,,,,,Failed,49
2024-8-7 12:31:4,11,E-SMP-07,SM-S9210ZKGTGY,"Galaxy S24, 256GB, Onyx Black",SKU Price,4836,Passed,Galaxy Credit,,,SKU Price in Cart,4836,Failed,Extra Trade-In Rebate,,,SC Plus Price,,,Premium Count,3,Passed,-,Items in Cart,SM-S9210ZKGTGY,1,Passed,Z-ITAC13-M,1,Passed,Z-EP-T6530NBEGGB,1,Passed,Z-SM-R400NZWATGY,1,Passed,,,,,,,,,,,,,,,,,,,,,,Failed,48
2024-8-7 12:31:54,12,E-SMP-08,SM-F9560AKHTGY,"Galaxy Z Fold6, 1TB+12GB, Crafted Black",SKU Price,16006,Passed,Galaxy Credit,,,SKU Price in Cart,16006,Failed,Extra Trade-In Rebate,,,SC Plus Price,,,Premium Count,4,Passed,-,Items in Cart,SM-F9560AKHTGY,1,Passed,Z-EP-P2400TWEGGB,1,Passed,Z-SM-R177NZWAASA,1,Passed,Z-ITAC13-M,1,Passed,Z-EP-T6530NBEGGB,1,Passed,,,,,,,,,,,,,,,,,,,Failed,52.10000000000002
2024-8-7 12:32:47,13,E-SMP-09,SM-F9560AKGTGY,"Galaxy Z Fold6, 512GB+12GB, Crafted Black",SKU Price,14166,Passed,Galaxy Credit,,,SKU Price in Cart,14166,Failed,Extra Trade-In Rebate,,,SC Plus Price,,,Premium Count,4,Passed,-,Items in Cart,SM-F9560AKGTGY,1,Passed,Z-EP-P2400TWEGGB,1,Passed,Z-SM-R177NZWAASA,1,Passed,Z-ITAC13-M,1,Passed,Z-EP-T6530NBEGGB,1,Passed,,,,,,,,,,,,,,,,,,,Failed,51.52999999999997
2024-8-7 12:33:40,14,E-SMP-10,SM-F9560AKDTGY,"Galaxy Z Fold6, 256GB+12GB, Crafted Black",SKU Price,13246,Passed,Galaxy Credit,,,SKU Price in Cart,13246,Failed,Extra Trade-In Rebate,,,SC Plus Price,,,Premium Count,4,Passed,-,Items in Cart,SM-F9560AKDTGY,1,Passed,Z-EP-P2400TWEGGB,1,Passed,Z-SM-R177NZWAASA,1,Passed,Z-ITAC13-M,1,Passed,Z-EP-T6530NBEGGB,1,Passed,,,,,,,,,,,,,,,,,,,Failed,51.32999999999993
2024-8-7 12:34:34,15,E-SMP-11,SM-F7410AKETGY,"Galaxy Z Flip6, 512GB+12GB, Crafted Black",SKU Price,8922,Passed,Galaxy Credit,,,SKU Price in Cart,8922,Failed,Extra Trade-In Rebate,,,SC Plus Price,,,Premium Count,4,Passed,-,Items in Cart,SM-F7410AKETGY,1,Passed,Z-EF-ZF741CWEGWW-M,1,Passed,Z-ITAC13-M,1,Passed,Z-SM-R177NZWAASA,1,Passed,Z-EP-T6530NBEGGB,1,Passed,,,,,,,,,,,,,,,,,,,Failed,52.98000000000002
2024-8-7 12:35:28,16,E-SMP-12,SM-F7410AKATGY,"Galaxy Z Flip6, 256GB+12GB, Crafted Black",SKU Price,8002,Passed,Galaxy Credit,,,SKU Price in Cart,8002,Failed,Extra Trade-In Rebate,,,SC Plus Price,,,Premium Count,4,Passed,-,Items in Cart,SM-F7410AKATGY,1,Passed,Z-EF-ZF741CWEGWW-M,1,Passed,Z-ITAC13-M,1,Passed,Z-SM-R177NZWAASA,1,Passed,Z-EP-T6530NBEGGB,1,Passed,,,,,,,,,,,,,,,,,,,Failed,51.36999999999989
2024-8-7 12:36:21,17,E-SMP-13,GP-FPF741HIHLW,"Galaxy Z Flip6 Limited Edition, 512GB+12GB,  Doreamon Special Edition",SKU Price,10698,Passed,Galaxy Credit,,,SKU Price in Cart,10698,Failed,Extra Trade-In Rebate,,,SC Plus Price,,,Premium Count,6,Passed,-,Items in Cart,GP-FPF741HIHLW,1,Passed,Z-SM-R177NZWAASA,1,Passed,Z-SM-F7410LBETGY-M,1,Passed,Z-DORAEAMONBAG-M,1,Passed,Z-EP-T6530NBEGGB-D,1,Passed,Z-ITAC13-D,1,Passed,Z-EF-ZF741CWEGWW-D,1,Passed,,,,,,,,,,,,,Failed,62.67999999999995
2024-8-7 12:37:25,18,E-SMP-14,SM-F9460ZEHTGY,"Galaxy Z Fold5 1TB, Cream (eStore)",,,,,,,,,,,,,,,,,,,,,,,,,,,,,,,,,,,,,,,,,,,,,,,,,,,,,,OOS (Blocked),27.370000000000005
2024-8-7 12:37:52,19,E-SMP-15,SM-F9460ZUGTGY,"Galaxy Z Fold5 512, Gray (eStore)",,,,,,,,,,,,,,,,,,,,,,,,,,,,,,,,,,,,,,,,,,,,,,,,,,,,,,OOS (Blocked),25.659999999999968
2024-8-7 12:39:27,5,E-SMP-01,SM-S9280ZOPTGY,"Galaxy S24 Ultra, 1TB, Titanium Orange",SKU Price,10576,Passed,Galaxy Credit,,,SKU Price in Cart,10576,Failed,Extra Trade-In Rebate,,,SC Plus Price,,,Premium Count,3,Passed,-,Items in Cart,SM-S9280ZOPTGY,1,Passed,Z-ITAC13-M,1,Passed,Z-EP-T6530NBEGGB,1,Passed,Z-SM-R400NZWATGY,1,Passed,,,,,,,,,,,,,,,,,,,,,,Failed,58.93
2024-8-7 12:40:27,6,E-SMP-02,SM-S9280ZKHTGY,"Galaxy S24 Ultra, 512GB, Titanium Black",SKU Price,8936,Passed,Galaxy Credit,,,SKU Price in Cart,8936,Failed,Extra Trade-In Rebate,,,SC Plus Price,,,Premium Count,3,Passed,-,Items in Cart,SM-S9280ZKHTGY,1,Passed,Z-ITAC13-M,1,Passed,Z-EP-T6530NBEGGB,1,Passed,Z-SM-R400NZWATGY,1,Passed,,,,,,,,,,,,,,,,,,,,,,Failed,59.48
2024-8-7 12:41:28,7,E-SMP-03,SM-S9280ZKGTGY,"Galaxy S24 Ultra, 256GB, Titanium Black",SKU Price,8116,Passed,Galaxy Credit,,,SKU Price in Cart,8116,Failed,Extra Trade-In Rebate,,,SC Plus Price,,,Premium Count,3,Passed,-,Items in Cart,SM-S9280ZKGTGY,1,Passed,Z-ITAC13-M,1,Passed,Z-EP-T6530NBEGGB,1,Passed,Z-SM-R400NZWATGY,1,Passed,,,,,,,,,,,,,,,,,,,,,,Failed,58.78
2024-8-7 12:42:28,8,E-SMP-04,SM-S9260ZKGTGY,"Galaxy S24+, 512GB, Onyx Black",SKU Price,7050,Passed,Galaxy Credit,,,SKU Price in Cart,7050,Failed,Extra Trade-In Rebate,,,SC Plus Price,,,Premium Count,3,Passed,-,Items in Cart,SM-S9260ZKGTGY,1,Passed,Z-ITAC13-M,1,Passed,Z-EP-T6530NBEGGB,1,Passed,Z-SM-R400NZWATGY,1,Passed,,,,,,,,,,,,,,,,,,,,,,Failed,58.650000000000006
2024-8-7 12:43:29,9,E-SMP-05,SM-S9260ZADTGY,"Galaxy S24+, 256GB, Marble Gray",SKU Price,6230,Passed,Galaxy Credit,,,SKU Price in Cart,6230,Failed,Extra Trade-In Rebate,,,SC Plus Price,,,Premium Count,3,Passed,-,Items in Cart,SM-S9260ZADTGY,1,Passed,Z-ITAC13-M,1,Passed,Z-EP-T6530NBEGGB,1,Passed,Z-SM-R400NZWATGY,1,Passed,,,,,,,,,,,,,,,,,,,,,,Failed,59.07000000000002
2024-8-7 12:44:29,10,E-SMP-06,SM-S9210ZKHTGY,"Galaxy S24, 512GB, Onyx Black",SKU Price,5656,Passed,Galaxy Credit,,,SKU Price in Cart,5656,Failed,Extra Trade-In Rebate,,,SC Plus Price,,,Premium Count,3,Passed,-,Items in Cart,SM-S9210ZKHTGY,1,Passed,Z-ITAC13-M,1,Passed,Z-EP-T6530NBEGGB,1,Passed,Z-SM-R400NZWATGY,1,Passed,,,,,,,,,,,,,,,,,,,,,,Failed,61.52999999999997
2024-8-7 12:45:33,11,E-SMP-07,SM-S9210ZKGTGY,"Galaxy S24, 256GB, Onyx Black",SKU Price,4836,Passed,Galaxy Credit,,,SKU Price in Cart,4836,Failed,Extra Trade-In Rebate,,,SC Plus Price,,,Premium Count,3,Passed,-,Items in Cart,SM-S9210ZKGTGY,1,Passed,Z-ITAC13-M,1,Passed,Z-EP-T6530NBEGGB,1,Passed,Z-SM-R400NZWATGY,1,Passed,,,,,,,,,,,,,,,,,,,,,,Failed,59.81
2024-8-7 12:46:35,12,E-SMP-08,SM-F9560AKHTGY,"Galaxy Z Fold6, 1TB+12GB, Crafted Black",SKU Price,16006,Passed,Galaxy Credit,,,SKU Price in Cart,16006,Failed,Extra Trade-In Rebate,,,SC Plus Price,,,Premium Count,4,Passed,-,Items in Cart,SM-F9560AKHTGY,1,Passed,Z-EP-P2400TWEGGB,1,Passed,Z-SM-R177NZWAASA,1,Passed,Z-ITAC13-M,1,Passed,Z-EP-T6530NBEGGB,1,Passed,,,,,,,,,,,,,,,,,,,Failed,77.05000000000001
2024-8-7 12:47:54,13,E-SMP-09,SM-F9560AKGTGY,"Galaxy Z Fold6, 512GB+12GB, Crafted Black",SKU Price,14166,Passed,Galaxy Credit,,,SKU Price in Cart,14166,Failed,Extra Trade-In Rebate,,,SC Plus Price,,,Premium Count,4,Passed,-,Items in Cart,SM-F9560AKGTGY,1,Passed,Z-EP-P2400TWEGGB,1,Passed,Z-SM-R177NZWAASA,1,Passed,Z-ITAC13-M,1,Passed,Z-EP-T6530NBEGGB,1,Passed,,,,,,,,,,,,,,,,,,,Failed,77.01999999999998
2024-8-7 12:49:12,14,E-SMP-10,SM-F9560AKDTGY,"Galaxy Z Fold6, 256GB+12GB, Crafted Black",SKU Price,13246,Passed,Galaxy Credit,,,SKU Price in Cart,13246,Failed,Extra Trade-In Rebate,,,SC Plus Price,,,Premium Count,4,Passed,-,Items in Cart,SM-F9560AKDTGY,1,Passed,Z-EP-P2400TWEGGB,1,Passed,Z-SM-R177NZWAASA,1,Passed,Z-ITAC13-M,1,Passed,Z-EP-T6530NBEGGB,1,Passed,,,,,,,,,,,,,,,,,,,Failed,77.62
2024-8-7 12:50:33,15,E-SMP-11,SM-F7410AKETGY,"Galaxy Z Flip6, 512GB+12GB, Crafted Black",SKU Price,8922,Passed,Galaxy Credit,,,SKU Price in Cart,8922,Failed,Extra Trade-In Rebate,,,SC Plus Price,,,Premium Count,4,Passed,-,Items in Cart,SM-F7410AKETGY,1,Passed,Z-EF-ZF741CWEGWW-M,1,Passed,Z-ITAC13-M,1,Passed,Z-SM-R177NZWAASA,1,Passed,Z-EP-T6530NBEGGB,1,Passed,,,,,,,,,,,,,,,,,,,Failed,135.35000000000002
2024-8-7 12:52:49,16,E-SMP-12,SM-F7410AKATGY,"Galaxy Z Flip6, 256GB+12GB, Crafted Black",SKU Price,8002,Passed,Galaxy Credit,,,SKU Price in Cart,8002,Failed,Extra Trade-In Rebate,,,SC Plus Price,,,Premium Count,4,Passed,-,Items in Cart,SM-F7410AKATGY,1,Passed,Z-EF-ZF741CWEGWW-M,1,Passed,Z-ITAC13-M,1,Passed,Z-SM-R177NZWAASA,1,Passed,Z-EP-T6530NBEGGB,1,Passed,,,,,,,,,,,,,,,,,,,Failed,76.72000000000003
2024-8-7 12:54:8,17,E-SMP-13,GP-FPF741HIHLW,"Galaxy Z Flip6 Limited Edition, 512GB+12GB,  Doreamon Special Edition",SKU Price,10698,Passed,Galaxy Credit,,,SKU Price in Cart,10698,Failed,Extra Trade-In Rebate,,,SC Plus Price,,,Premium Count,6,Passed,-,Items in Cart,GP-FPF741HIHLW,1,Passed,Z-SM-R177NZWAASA,1,Passed,Z-SM-F7410LBETGY-M,1,Passed,Z-DORAEAMONBAG-M,1,Passed,Z-EP-T6530NBEGGB-D,1,Passed,Z-ITAC13-D,1,Passed,Z-EF-ZF741CWEGWW-D,1,Passed,,,,,,,,,,,,,Failed,111.34000000000003
2024-8-7 12:56:0,18,E-SMP-14,SM-F9460ZEHTGY,"Galaxy Z Fold5 1TB, Cream (eStore)",,,,,,,,,,,,,,,,,,,,,,,,,,,,,,,,,,,,,,,,,,,,,,,,,,,,,,OOS (Blocked),63.87000000000012
2024-8-7 12:57:6,19,E-SMP-15,SM-F9460ZUGTGY,"Galaxy Z Fold5 512, Gray (eStore)",,,,,,,,,,,,,,,,,,,,,,,,,,,,,,,,,,,,,,,,,,,,,,,,,,,,,,OOS (Blocked),63.47000000000003
2024-8-7 12:58:11,20,E-SMP-16,SM-F9460ZKDTGY,"Galaxy Z Fold5 256, 12GB + 256GB, Black",,,,,,,,,,,,,,,,,,,,,,,,,,,,,,,,,,,,,,,,,,,,,,,,,,,,,,OOS (Blocked),63.42000000000007
2024-8-7 12:59:20,21,E-SMP-17,SM-F7310ZBETGY,"Galaxy Z Flip5 512, Blue (eStore)",,,,,,,,,,,,,,,,,,,,,,,,,,,,,,,,,,,,,,,,,,,,,,,,,,,,,,OOS (Blocked),52.00999999999999
2024-8-7 13:0:9,22,E-SMP-18,SM-F7310ZEATGY,"Galaxy Z Flip5 256, 8GB + 256GB, Cream",,,,,,,,,,,,,,,,,,,,,,,,,,,,,,,,,,,,,,,,,,,,,,,,,,,,,,OOS (Blocked),63.70999999999981
2024-8-7 13:1:15,23,E-SMP-19,SM-S9180ZGPTGY,"Galaxy S23 Ultra 1TB, 12+1T, Green (Key)",,,,,,,,,,,,,,,,,,,,,,,,,,,,,,,,,,,,,,,,,,,,,,,,,,,,,,OOS (Blocked),64.42999999999984
2024-8-7 13:2:23,24,E-SMP-20,SM-S9160ZGGTGY,"Galaxy S23+ [512], 8+512GB, Green",,,,,,,,,,,,,,,,,,,,,,,,,,,,,,,,,,,,,,,,,,,,,,,,,,,,,,OOS (Blocked),65.44000000000005
2024-8-7 13:3:43,25,E-SMP-21,SM-S9110ZGHTGY,"Galaxy S23 [512], 8+512GB, Green",,,,,,,,,,,,,,,,,,,,,,,,,,,,,,,,,,,,,,,,,,,,,,,,,,,,,,OOS (Blocked),63.200000000000045
2024-8-7 13:4:35,26,E-SMP-22,SM-S7110LGGTGY,"Galaxy S23 FE 256, Mint",SKU Price,3824,Passed,Galaxy Credit,,,SKU Price in Cart,3824,Failed,Extra Trade-In Rebate,,,SC Plus Price,,,Premium Count,5,Passed,-,Items in Cart,SM-S7110LGGTGY,1,Passed,Z-EF-QS711CTEGWW,1,Passed,Z-ITFITPW03,1,Passed,Z-SM-R400NZWATGY,1,Passed,Z-ITFITEX43,1,Passed,Z-ITAC13-M,1,Passed,,,,,,,,,,,,,,,,Failed,66.25
2024-8-7 13:5:43,27,E-SMP-23,SM-A5560ZKATGY,Galaxy A55 5G 8GB 128GB Awesome Navy,SKU Price,2638,Passed,Galaxy Credit,,,SKU Price in Cart,2638,Passed,Extra Trade-In Rebate,,,SC Plus Price,,,Premium Count,4,Passed,-,Items in Cart,SM-A5560ZKATGY,1,Passed,Z-ITFITEX43,1,Passed,Z-ITFITPW28-M,1,Passed,Z-ITFITT10WE,1,Passed,Z-EB-P3400XUEGWW,1,Passed,,,,,,,,,,,,,,,,,,,Passed,63.649999999999864
2024-8-7 13:6:48,28,E-SMP-24,SM-A5560LBDTGY,Galaxy A55 5G 12GB 256GB Awesome Iceblue,SKU Price,2958,Passed,Galaxy Credit,,,SKU Price in Cart,2958,Passed,Extra Trade-In Rebate,,,SC Plus Price,,,Premium Count,4,Passed,-,Items in Cart,SM-A5560LBDTGY,1,Passed,Z-ITFITEX43,1,Passed,Z-ITFITPW28-M,1,Passed,Z-ITFITT10WE,1,Passed,Z-EB-P3400XUEGWW,1,Passed,,,,,,,,,,,,,,,,,,,Passed,62.789999999999964
2024-8-7 13:7:53,29,E-SMP-25,SM-A3560ZKDTGY,Galaxy A35 5G 8GB 128GB Awesome Navy,SKU Price,2158,Passed,Galaxy Credit,,,SKU Price in Cart,2158,Passed,Extra Trade-In Rebate,,,SC Plus Price,,,Premium Count,4,Passed,-,Items in Cart,SM-A3560ZKDTGY,1,Passed,Z-ITFITPW28-M,1,Passed,Z-ITFITT10WE,1,Passed,Z-EB-P3400XUEGWW,1,Passed,Z-ITFITEX43,1,Passed,,,,,,,,,,,,,,,,,,,Passed,63.16000000000008
2024-8-7 13:8:59,30,E-SMP-26,SM-A3560LBGTGY,Galaxy A35 5G 8GB 256GB Awesome Iceblue,SKU Price,2398,Passed,Galaxy Credit,,,SKU Price in Cart,2398,Passed,Extra Trade-In Rebate,,,SC Plus Price,,,Premium Count,4,Passed,-,Items in Cart,SM-A3560LBGTGY,1,Passed,Z-ITFITPW28-M,1,Passed,Z-ITFITT10WE,1,Passed,Z-EB-P3400XUEGWW,1,Passed,Z-ITFITEX43,1,Passed,,,,,,,,,,,,,,,,,,,Passed,63.49000000000001
2024-8-7 13:10:2,31,E-SMP-27,SM-A2360LBWTGY,"Galaxy A23 5G, Blue",,,,,,,,,,,,,,,,,,,,,,,,,,,,,,,,,,,,,,,,,,,,,,,,,,,,,,OOS (Blocked),64.25
2024-8-7 13:11:8,32,E-SMP-28,SM-M346BZSPTGY,"Galaxy M34 5G, Silver",,,,,,,,,,,,,,,,,,,,,,,,,,,,,,,,,,,,,,,,,,,,,,,,,,,,,,OOS (Blocked),64.75999999999999
2024-8-7 13:12:17,33,E-SMP-29,SM-A146PZKDTGY,"Galaxy A14 5G, 4GB + 64GB, Black",,,,,,,,,,,,,,,,,,,,,,,,,,,,,,,,,,,,,,,,,,,,,,,,,,,,,,OOS (Blocked),51.37999999999988
2024-8-7 13:13:8,34,E-SMP-30,SM-A1560ZKGTGY,"Galaxy A15 5G, Blue Black",SKU Price,1402,Passed,Galaxy Credit,,,SKU Price in Cart,1402,Passed,Extra Trade-In Rebate,,,SC Plus Price,,,Premium Count,2,Passed,-,Items in Cart,SM-A1560ZKGTGY,1,Passed,Z-ITFITT10WE,1,Passed,Z-EB-P3400XUEGWW,1,Passed,,,,,,,,,,,,,,,,,,,,,,,,,Passed,59.59999999999991
2024-8-7 13:15:8,34,E-SMP-30,SM-A1560ZKGTGY,"Galaxy A15 5G, Blue Black",SKU Price,1402,Passed,Galaxy Credit,,,SKU Price in Cart,1402,Passed,Extra Trade-In Rebate,,,SC Plus Price,,,Premium Count,2,Passed,-,Items in Cart,SM-A1560ZKGTGY,1,Passed,Z-ITFITT10WE,1,Passed,Z-EB-P3400XUEGWW,1,Passed,,,,,,,,,,,,,,,,,,,,,,,,,Passed,55.00999999999976
2024-8-7 13:16:7,35,E-SMP-31,SM-A2560ZKDTGY,"Galaxy A25 5G, Black",SKU Price,1751,Passed,Galaxy Credit,,,SKU Price in Cart,1751,Passed,Extra Trade-In Rebate,,,SC Plus Price,,,Premium Count,2,Passed,-,Items in Cart,SM-A2560ZKDTGY,1,Passed,Z-ITFITT10WE,1,Passed,Z-EB-P3400XUEGWW,1,Passed,,,,,,,,,,,,,,,,,,,,,,,,,Passed,58.909999999999854
2024-8-7 13:17:8,36,E-SMP-32,SM-L705FDAATGY,"Galaxy Watch Ultra, Titanium Gray",SKU Price,4486,Passed,Galaxy Credit,,,SKU Price in Cart,4486,Failed,Extra Trade-In Rebate,,,SC Plus Price,,,Premium Count,2,Passed,-,Items in Cart,SM-L705FDAATGY,1,Passed,Z-ITAC13-M,1,Passed,Z-ET-SVL70MBEGWW-M,1,Passed,,,,,,,,,,,,,,,,,,,,,,,,,Failed,58.7199999999998
2024-8-7 13:18:9,37,E-SMP-33,SM-L300NZGATGY,"Galaxy Watch7 40mm (BT), Green",SKU Price,2110,Passed,Galaxy Credit,,,SKU Price in Cart,2110,Passed,Extra Trade-In Rebate,,,SC Plus Price,,,Premium Count,1,Passed,-,Items in Cart,SM-L300NZGATGY,1,Passed,Z-ET-SVL30SWEGWW-M,1,Passed,,,,,,,,,,,,,,,,,,,,,,,,,,,,Passed,56.99000000000024
2024-8-7 13:19:7,38,E-SMP-34,SM-L305FZGATGY,"Galaxy Watch7 40mm (LTE), Green",SKU Price,2462,Passed,Galaxy Credit,,,SKU Price in Cart,2462,Passed,Extra Trade-In Rebate,,,SC Plus Price,,,Premium Count,1,Passed,-,Items in Cart,SM-L305FZGATGY,1,Passed,Z-ET-SVL30SWEGWW-M,1,Passed,,,,,,,,,,,,,,,,,,,,,,,,,,,,Passed,56.48999999999978
2024-8-7 13:20:6,39,E-SMP-35,SM-L310NZGATGY,"Galaxy Watch7 44mm (BT), Green",SKU Price,2286,Passed,Galaxy Credit,,,SKU Price in Cart,2286,Passed,Extra Trade-In Rebate,,,SC Plus Price,,,Premium Count,1,Passed,-,Items in Cart,SM-L310NZGATGY,1,Passed,Z-ET-SVL31LNEGWW-M,1,Passed,,,,,,,,,,,,,,,,,,,,,,,,,,,,Passed,71.68000000000029
2024-8-7 13:21:17,40,E-SMP-36,SM-L315FZGATGY,"Galaxy Watch7 44mm (LTE), Green",SKU Price,2638,Passed,Galaxy Credit,,,SKU Price in Cart,2638,Passed,Extra Trade-In Rebate,,,SC Plus Price,,,Premium Count,1,Passed,-,Items in Cart,SM-L315FZGATGY,1,Passed,Z-ET-SVL31LNEGWW-M,1,Passed,,,,,,,,,,,,,,,,,,,,,,,,,,,,Passed,73.28999999999996
2024-8-7 13:22:35,41,E-SMP-37,SM-R861NZKATGY,"Galaxy Watch FE (BT), Black",SKU Price,1406,Passed,Galaxy Credit,,,SKU Price in Cart,1406,Passed,Extra Trade-In Rebate,,,SC Plus Price,,,Premium Count,0,Passed,-,Items in Cart,SM-R861NZKATGY,1,Passed,,,,,,,,,,,,,,,,,,,,,,,,,,,,,,,Passed,54.63000000000011
2024-8-7 13:23:33,42,E-SMP-38,SM-R900NZAATGY,"Galaxy Watch5 40mm (BT), Graphite",,,,,,,,,,,,,,,,,,,,,,,,,,,,,,,,,,,,,,,,,,,,,,,,,,,,,,OOS (Blocked),50.820000000000164
2024-8-7 13:24:23,43,E-SMP-39,SM-R910NZAATGY,"Galaxy Watch5 44mm (BT), Graphite",,,,,,,,,,,,,,,,,,,,,,,,,,,,,,,,,,,,,,,,,,,,,,,,,,,,,,OOS (Blocked),63.75
2024-8-7 13:25:28,44,E-SMP-40,SM-R920NZTATGY,"Galaxy Watch5 Pro 45mm (BT), Gray Titanium",,,,,,,,,,,,,,,,,,,,,,,,,,,,,,,,,,,,,,,,,,,,,,,,,,,,,,OOS (Blocked),63.539999999999964
2024-8-7 13:26:34,45,E-SMP-41,SM-R925FZKATGY,"Galaxy Watch5 Pro 45mm (LTE), Black Titanium",,,,,,,,,,,,,,,,,,,,,,,,,,,,,,,,,,,,,,,,,,,,,,,,,,,,,,OOS (Blocked),64.51999999999998
2024-8-7 13:27:41,46,E-SMP-42,SM-R390NZAATGY,Galaxy Fit3,SKU Price,438,Passed,Galaxy Credit,,,SKU Price in Cart,438,Passed,Extra Trade-In Rebate,,,SC Plus Price,,,Premium Count,0,Passed,-,Items in Cart,SM-R390NZAATGY,1,Passed,,,,,,,,,,,,,,,,,,,,,,,,,,,,,,,Passed,72.48999999999978
2024-8-7 13:28:56,47,E-SMP-43,SM-R510NZAAASA,"Galaxy Buds2 Pro, Graphite",,,,,,,,,,,,,,,,,,,,,,,,,,,,,,,,,,,,,,,,,,,,,,,,,,,,,,OOS (Blocked),35.14000000000033
2024-8-7 13:29:32,48,E-SMP-44,SM-R930NZEATGY,"Galaxy Watch6 40mm (BT), Gold",SKU Price,1559,Passed,Galaxy Credit,,,SKU Price in Cart,1559,Passed,Extra Trade-In Rebate,,,SC Plus Price,,,Premium Count,0,Passed,-,Items in Cart,SM-R930NZEATGY,1,Passed,,,,,,,,,,,,,,,,,,,,,,,,,,,,,,,Passed,69.13000000000011
2024-8-7 13:30:43,49,E-SMP-45,SM-R935FZEATGY,"Galaxy Watch6 40mm (LTE), Gold",,,,,,,,,,,,,,,,,,,,,,,,,,,,,,,,,,,,,,,,,,,,,,,,,,,,,,OOS (Blocked),64.80999999999995
2024-8-7 13:31:49,50,E-SMP-46,SM-R940NZSATGY,"Galaxy Watch6 44mm (BT), Silver",,,,,,,,,,,,,,,,,,,,,,,,,,,,,,,,,,,,,,,,,,,,,,,,,,,,,,OOS (Blocked),64.34000000000015
2024-8-7 13:32:54,51,E-SMP-47,SM-R945FZKATGY,"Galaxy Watch6 44mm (LTE), Graphite",,,,,,,,,,,,,,,,,,,,,,,,,,,,,,,,,,,,,,,,,,,,,,,,,,,,,,OOS (Blocked),63.69999999999982
2024-8-7 13:34:3,52,E-SMP-48,SM-R950NZKATGY,"Galaxy Watch6 Classic 43mm (BT), Black",,,,,,,,,,,,,,,,,,,,,,,,,,,,,,,,,,,,,,,,,,,,,,,,,,,,,,OOS (Blocked),36.34999999999991
2024-8-7 13:34:38,53,E-SMP-49,SM-R955FZKATGY,"Galaxy Watch6 Classic 43mm (LTE), Black",,,,,,,,,,,,,,,,,,,,,,,,,,,,,,,,,,,,,,,,,,,,,,,,,,,,,,OOS (Blocked),63.5300000000002
2024-8-7 13:35:43,54,E-SMP-50,SM-R960NZKATGY,"Galaxy Watch6 Classic 47mm (BT), Black",,,,,,,,,,,,,,,,,,,,,,,,,,,,,,,,,,,,,,,,,,,,,,,,,,,,,,OOS (Blocked),63.65000000000009
2024-8-7 13:37:46,55,E-SMP-51,SM-R965FZKATGY,"Galaxy Watch6 Classic 47mm (LTE), Black",,,,,,,,,,,,,,,,,,,,,,,,,,,,,,,,,,,,,,,,,,,,,,,,,,,,,,OOS (Blocked),105.04999999999973
2024-8-7 13:38:37,56,E-SMP-52,SM-R630NZAATGY,"Galaxy Buds3 Pro, Silver",SKU Price,1758,Passed,Galaxy Credit,,,SKU Price in Cart,1758,Passed,Extra Trade-In Rebate,,,SC Plus Price,,,Premium Count,2,Passed,-,Items in Cart,SM-R630NZAATGY,1,Passed,Z-ITAC13-M,1,Passed,Z-GP-FPR630HICBW-M,1,Passed,,,,,,,,,,,,,,,,,,,,,,,,,Passed,119.94000000000005
2024-8-7 13:40:40,57,E-SMP-53,SM-R530NZAATGY,"Galaxy Buds3, Silver",SKU Price,1230,Passed,Galaxy Credit,,,SKU Price in Cart,1230,Passed,Extra Trade-In Rebate,,,SC Plus Price,,,Premium Count,0,Passed,-,Items in Cart,SM-R530NZAATGY,1,Passed,,,,,,,,,,,,,,,,,,,,,,,,,,,,,,,Passed,85.49000000000024
2024-8-7 13:42:8,58,E-SMP-54,SM-R400NZAATGY,Galaxy Buds FE,SKU Price,674,Passed,Galaxy Credit,,,SKU Price in Cart,674,Passed,Extra Trade-In Rebate,,,SC Plus Price,,,Premium Count,0,Passed,-,Items in Cart,SM-R400NZAATGY,1,Passed,,,,,,,,,,,,,,,,,,,,,,,,,,,,,,,Passed,85.88000000000011
2024-8-7 13:43:36,59,E-SMP-55,EI-T5600BBEGWW,SmartTag2,SKU Price,238,Passed,Galaxy Credit,,,SKU Price in Cart,238,Passed,Extra Trade-In Rebate,,,SC Plus Price,,,Premium Count,0,Passed,-,Items in Cart,EI-T5600BBEGWW,1,Passed,,,,,,,,,,,,,,,,,,,,,,,,,,,,,,,Passed,101.34999999999991
2024-8-7 13:45:23,60,E-TAB-01,SM-X710NZAATGY,"Galaxy Tab S9, 8GB+128, Graphite",SKU Price,4402,Passed,Galaxy Credit,,,SKU Price in Cart,4402,Failed,Extra Trade-In Rebate,,,SC Plus Price,,,Premium Count,1,Passed,-,Items in Cart,SM-X710NZAATGY,1,Passed,Z-EF-BX710PBEGWW,1,Passed,,,,,,,,,,,,,,,,,,,,,,,,,,,,Failed,61.09999999999991
2024-8-7 13:46:20,61,E-TAB-02,SM-X716BZAATGY,"Galaxy Tab S9 (5G), 8GB+128, Graphite (NSP)",SKU Price,5172,Passed,Galaxy Credit,,,SKU Price in Cart,5172,Failed,Extra Trade-In Rebate,,,SC Plus Price,,,Premium Count,1,Passed,-,Items in Cart,SM-X716BZAATGY,1,Passed,Z-EF-BX710PBEGWW,1,Passed,,,,,,,,,,,,,,,,,,,,,,,,,,,,Failed,55.840000000000146
2024-8-7 13:47:22,62,E-TAB-03,SM-X810NZAATGY,"Galaxy Tab S9+, 12GB+256, Graphite",SKU Price,5522,Passed,Galaxy Credit,,,SKU Price in Cart,5522,Failed,Extra Trade-In Rebate,,,SC Plus Price,,,Premium Count,1,Passed,-,Items in Cart,SM-X810NZAATGY,1,Passed,Z-EF-BX810PBEGWW,1,Passed,,,,,,,,,,,,,,,,,,,,,,,,,,,,Failed,57.28999999999951
2024-8-7 13:48:17,63,E-TAB-04,SM-X816BZAATGY,"Galaxy Tab S9+ (5G), 12GB+256, Graphite",,,,,,,,,,,,,,,,,,,,,,,,,,,,,,,,,,,,,,,,,,,,,,,,,,,,,,OOS (Blocked),65.85000000000036
2024-8-7 13:49:40,64,E-TAB-05,SM-X910NZAATGY,"Galaxy Tab S9 Ultra, 12GB+256, Graphite",SKU Price,6782,Passed,Galaxy Credit,,,SKU Price in Cart,6782,Failed,Extra Trade-In Rebate,,,SC Plus Price,,,Premium Count,1,Passed,-,Items in Cart,SM-X910NZAATGY,1,Passed,Z-EF-BX910PBEGWW,1,Passed,,,,,,,,,,,,,,,,,,,,,,,,,,,,Failed,69.98000000000047
2024-8-7 13:50:40,65,E-TAB-06,SM-X916BZAETGY,"Galaxy Tab S9 Ultra (5G), 12GB+512, Graphite",SKU Price,8182,Passed,Galaxy Credit,,,SKU Price in Cart,8182,Failed,Extra Trade-In Rebate,,,SC Plus Price,,,Premium Count,1,Passed,-,Items in Cart,SM-X916BZAETGY,1,Passed,Z-EF-BX910PBEGWW,1,Passed,,,,,,,,,,,,,,,,,,,,,,,,,,,,Failed,56.960000000000036
2024-8-7 14:26:54,65,E-TAB-06,SM-X916BZAETGY,"Galaxy Tab S9 Ultra (5G), 12GB+512, Graphite",SKU Price,8182,Passed,Galaxy Credit,,,SKU Price in Cart,8182,Failed,Extra Trade-In Rebate,,,SC Plus Price,,,Premium Count,1,Passed,-,Items in Cart,SM-X916BZAETGY,1,Passed,Z-EF-BX910PBEGWW,1,Passed,,,,,,,,,,,,,,,,,,,,,,,,,,,,Failed,67.49
2024-8-7 14:28:1,66,E-TAB-07,SM-X510NLGATGY,"Galaxy Tab S9 FE, Wi-Fi, MINT",SKU Price,2512,Passed,Galaxy Credit,,,SKU Price in Cart,2512,Passed,Extra Trade-In Rebate,,,SC Plus Price,,,Premium Count,1,Passed,-,Items in Cart,SM-X510NLGATGY,1,Passed,Z-ITFITCS9FEGY,1,Passed,,,,,,,,,,,,,,,,,,,,,,,,,,,,Passed,64.47
2024-8-7 14:29:5,67,E-TAB-08,SM-X516BLGATGY,"Galaxy Tab S9 FE, 5G, MINT",,,,,,,,,,,,,,,,,,,,,,,,,,,,,,,,,,,,,,,,,,,,,,,,,,,,,,OOS (Blocked),40.079999999999984
2024-8-7 14:29:50,68,E-TAB-09,SM-X610NLGATGY,"Galaxy Tab S9 FE+, Wi-Fi, MINT",SKU Price,3352,Passed,Galaxy Credit,,,SKU Price in Cart,3352,Failed,Extra Trade-In Rebate,,,SC Plus Price,,,Premium Count,1,Passed,-,Items in Cart,SM-X610NLGATGY,1,Passed,Z-ITFITCS9FEPGY,1,Passed,,,,,,,,,,,,,,,,,,,,,,,,,,,,Failed,64.41
2024-8-7 14:30:57,69,E-TAB-10,SM-X616BLGATGY,"Galaxy Tab S9 FE+, 5G, MINT",,,,,,,,,,,,,,,,,,,,,,,,,,,,,,,,,,,,,,,,,,,,,,,,,,,,,,OOS (Blocked),56.97999999999999
2024-8-7 14:31:56,70,E-TAB-11,SM-X510NLGATGY,"Galaxy Tab S9 FE, Wi-Fi, MINT",SKU Price,2512,Passed,Galaxy Credit,,,SKU Price in Cart,2512,Passed,Extra Trade-In Rebate,,,SC Plus Price,,,Premium Count,1,Passed,-,Items in Cart,SM-X510NLGATGY,1,Passed,Z-ITFITCS9FEGY,1,Passed,,,,,,,,,,,,,,,,,,,,,,,,,,,,Passed,61.170000000000016
2024-8-7 14:32:59,71,E-TAB-12,SM-X610NLGATGY,"Galaxy Tab S9 FE+, Wi-Fi, MINT",SKU Price,3352,Passed,Galaxy Credit,,,SKU Price in Cart,3352,Failed,Extra Trade-In Rebate,,,SC Plus Price,,,Premium Count,1,Passed,-,Items in Cart,SM-X610NLGATGY,1,Passed,Z-ITFITCS9FEPGY,1,Passed,,,,,,,,,,,,,,,,,,,,,,,,,,,,Failed,58.30000000000001
2024-8-7 14:33:57,72,E-TAB-13,SM-X210NDBATGY,"Galaxy Tab A9+, 64GB 4GB Wi-Fi Navy",,,,,,,,,,,,,,,,,,,,,,,,,,,,,,,,,,,,,,,,,,,,,,,,,,,,,,OOS (Blocked),55.05000000000001
2024-8-7 14:34:58,73,E-TAB-14,SM-X306BZGATGY,Galaxy Tab Active 5,,,,,,,,,,,,,,,,,,,,,,,,,,,,,,,,,,,,,,,,,,,,,,,,,,,,,,OOS (Blocked),70.46999999999997
2024-8-7 14:36:12,74,E-TAB-15,SM-P620NZAETGY,Galaxy Tab S6 Lite (2024) Wi-Fi Oxford Gray,SKU Price,2200,Passed,Galaxy Credit,,,SKU Price in Cart,2200,Passed,Extra Trade-In Rebate,,,SC Plus Price,,,Premium Count,2,Passed,-,Items in Cart,SM-P620NZAETGY,1,Passed,Z-ITFITEX41,1,Passed,Z-ITFITBKCS6LGY,1,Passed,,,,,,,,,,,,,,,,,,,,,,,,,Passed,95.33000000000004
2024-8-7 14:37:45,75,E-NPC-01,NP960XGL-XG1HK,"Galaxy Book4 Uitra 16""/i9/64GB/2TB/RTX4070",SKU Price,19484,Passed,Galaxy Credit,,,SKU Price in Cart,19484,Failed,Extra Trade-In Rebate,,,SC Plus Price,,,Premium Count,3,Passed,-,Items in Cart,NP960XGL-XG1HK,1,Passed,Z-EB-P4520XUEGWW-M,1,Passed,Z-EF-LPUN6PBEGWW,1,Passed,Z-SM-R400NZWATGY,1,Passed,,,,,,,,,,,,,,,,,,,,,,Failed,96.55999999999995
2024-8-7 14:39:29,76,E-NPC-02,NP960QGK-KS3HK,"Galaxy Book4 Pro 360 16""/i7/32GB/1TB",SKU Price,13244,Passed,Galaxy Credit,,,SKU Price in Cart,13244,Failed,Extra Trade-In Rebate,,,SC Plus Price,,,Premium Count,3,Passed,-,Items in Cart,NP960QGK-KS3HK,1,Passed,Z-EF-LPUN6PBEGWW,1,Passed,Z-EB-P4520XUEGWW-M,1,Passed,Z-SM-R400NZWATGY,1,Passed,,,,,,,,,,,,,,,,,,,,,,Failed,84.95000000000005
2024-8-7 14:40:56,77,E-NPC-03,NP960XGK-KS5HK,"Galaxy Book4 Pro 16""/i7/32GB/1TB",,,,,,,,,,,,,,,,,,,,,,,,,,,,,,,,,,,,,,,,,,,,,,,,,,,,,,OOS (Blocked),56.77999999999997
2024-8-7 14:41:55,78,E-NPC-04,NP940XGK-KS3HK,"Galaxy Book4 Pro 14""/i7/32GB/1TB",SKU Price,11684,Passed,Galaxy Credit,,,SKU Price in Cart,11684,Failed,Extra Trade-In Rebate,,,SC Plus Price,,,Premium Count,3,Passed,-,Items in Cart,NP940XGK-KS3HK,1,Passed,Z-EF-LPUN4PBEGWW,1,Passed,Z-EB-P4520XUEGWW-M,1,Passed,Z-SM-R400NZWATGY,1,Passed,,,,,,,,,,,,,,,,,,,,,,Failed,99.90999999999997
2024-8-7 14:52:40,79,E-NPC-05,NP750QGK-KS1HK,"Galaxy Book4 360 15.6""/i7/16GB/1TB",,,,,,,,,,,,,,,,,,,,,,,,,,,,,,,,,,,,,,,,,,,,,,,,,,,,,,OOS (Blocked),52.04
2024-8-7 14:53:35,80,E-NPC-06,NP750XGK-KA3HK,"Galaxy Book4 15.6""/i7/16GB/512GB",SKU Price,6380,Passed,Galaxy Credit,,,SKU Price in Cart,6380,Failed,Extra Trade-In Rebate,,,SC Plus Price,,,Premium Count,2,Passed,-,Items in Cart,NP750XGK-KA3HK,1,Passed,Z-EB-P4520XUEGWW-M,1,Passed,Z-SM-R400NZWATGY,1,Passed,,,,,,,,,,,,,,,,,,,,,,,,,Failed,76.58000000000001
2024-8-7 14:54:55,81,E-NPC-07,NP960XMB-KB1HK,"Galaxy Book4 Edge, 16""/X1E-84/16GB/1TB, Sapphire Blue",SKU Price,12478,Passed,Galaxy Credit,,,SKU Price in Cart,12478,Failed,Extra Trade-In Rebate,,,SC Plus Price,,,Premium Count,4,Failed,Less - Expected 5 / Actual 4,Items in Cart,NP960XMB-KB1HK,1,Passed,Z-ITAC13-M,1,Passed,Z-EB-P4520XUEGWW-M,1,Failed,Z-EF-LPUN6PBEGWW,1,Passed,Z-SM-R400NZWATGY,1,Passed,,,,,,,,,,,,,,,,,,,Failed,84.48000000000002
2024-8-7 14:56:25,82,E-NPC-08,NP940XMA-KB1HK,"Galaxy Book4 Edge, 14""/X1E-80/16GB/512GB, Sapphire Blue",SKU Price,10183,Passed,Galaxy Credit,,,SKU Price in Cart,10183,Failed,Extra Trade-In Rebate,,,SC Plus Price,,,Premium Count,4,Failed,Less - Expected 5 / Actual 4,Items in Cart,NP940XMA-KB1HK,1,Passed,Z-ITAC13-M,1,Passed,Z-EF-LPUN4PBEGWW,1,Passed,Z-EB-P4520XUEGWW-M,1,Failed,Z-SM-R400NZWATGY,1,Passed,,,,,,,,,,,,,,,,,,,Failed,100
