CE,,,,,,Go to B2C Cart Page,,,,,Via buy page,13,14,15,16,17,18,19,20,21,22,23,24,25,26,27,28,29,30,31,32,33,34,35,36,37,38,39,40,41,42,43,44,45,46,47,48,49,50,51,52,53,54,55,56,57,58,59,60,61,62,63,64,65,66,67,68,69,70,71,72,73,74,75,76,77,78,79,80,81,82,83,84,85,86,87,88,89,90,91,92,93,94,95,96,97,98,99,100,101,102,103,104,105,106,107,108,109,110,111,112,113,114,115,116,117,118,119,120,121,122,123,124,125,126,127,128,129,130,131,132,133,134,135,136,137,138,139,140,141
Assigned,Test Case,,,,,,,,,,36,Price,,Step >>,Step >>,Verify >>,Step >>,,Verify >>,,,,,,,,Step >>,,Special >>,Step >>,Verify >>,Verify >>,Mass premiums,,,,,Campaign,,B2C only,B2C only,B2C,,Total,Verify >>,,Cart Page Result >>,,,Step >>,Step >>,Verify >>,Step >>,Verify >>,Verify >>,Verify >>,Checkout Page Result >> END OF TEST,,,,,,,,Automated Tests by UI Visions,,,,,,,,,,,,,,,,,,,,,,,,,,,,,,,,,,,,,,,,,,,,,,,,,,,,,,,,,,,,,Automated Test Result,Test duration (s),,Auto Cart,Auto Checkout,,,Next update - DA 2025 02 07,,,,,,,
Tester,ID,Auto Cart,Manual Cart,Manual Checkout,Auto Checkout,Model,FAMILY,Active,SKU,Link,SKU + Link,RRP,NRP,Login,Password,Verify Price before Discount,Trade-up,Trade-up-discount,Verify trade-up discount,,,,,,,,Add Promo Code 1,Add Promo Code 2,Special discount after adding to cart,Add to Cart,Verify Product Price in Cart after Discount (Not total price in cart),Verify pre-order or back-order delivery date,Mass,Mass,Mass,Mass,Mass,Holiday,Warrenty,,,Swap gift,Array,Total,"Verify Free Premiums in Cart (SKU)
(Exact Match)","Verify Expired Premiums 
NOT SHOWING in Cart",Cart Page Result,Screencap,Reason of fail,Proceed to Chckout,"Guest or login, proceed to delivery option",Verify these Delivery Option available,Delivery method action,Verify these criteria,,Verify Expected Delivery Date,Checkout Page Result,Screencap,Reason of fail,,Fix Status,eStore reply,CPT eStore team PIC,,Time of Test,Line No.,ID,SKU,Model,SKU Price label,SKU Price captured,SKU result,GC label,GC captured,GC result,SKU price in cart,SKU price captured,SKU price result,GC in cart,GC cart captured,GC cart result,Trade up label,Trade-up discount captured,TU result,SC+ label,SC+ captured,SC+ result,Premium SKU count,Count captured,Premium SKU count result,Failed reason,Items in Cart,SKU 1,Qty,,SKU 2,Qty,,SKU 3,Qty,,SKU 4,Qty,,SKU 5,Qty,,SKU 6,Qty,,SKU 7,Qty,,SKU 8,Qty,,SKU 9,Qty,,SKU 10,Qty,,Qty Total,Qty Total Result,Premium Array,Final Result,Test duration (s),,Cart Page Result,Cart Page Result,,,Mass,Mass,Mass,Mass,Mass,,,
,,,,,,,,,,,,0,0,,,0,,0,0,,,,,,,,,,,,,,,,,,,,,,,,,0,"
",,,,,,,,,,,,,,,,,,,,,,,,,,,,,,,,,,,,,,,,,,,,,,,,,,,,,,,,,,,,,,,,,,,,,,,,,,,,,,0,,,,,,,,,"


",,,,,,,,
,CTV,,,,,,,-,,,,0,0,,,0,,0,0,,,,,,,,,,,,,,,,,,,,,,,,,0,"
",,,,,,,,,,,,,,,,,,,,,,,,,,,,,,,,,,,,,,,,,,,,,,,,,,,,,,,,,,,,,,,,,,,,,,,,,,,,,,0,,,,,,,,,,,,,,,,,
,CTV-01,,,,,"32"" The Frame LS03C",The Frame LS03D,N,QA32LS03CBJXZK,https://www.samsung.com/hk/lifestyle-tvs/the-frame/32ls03c-32-inch-the-frame-qled-smart-tv-black-qa32ls03cbjxzk/?R=20250131144038,QA32LS03CBJXZK,"4,880","4,880",,,"4,880",Yes,250,250,,,,,,,,,,,Add to Cart,"4,630.00",,Z-VG-SCFC32SGMXY,,,,,,ZG-FRAMESLIMFITINSTALL,,,,"Z-VG-SCFC32SGMXY,ZG-FRAMESLIMFITINSTALL",2,"
●  1 x  32"" The Frame Beveled Sand Gold Bezel (2023) [Z-VG-SCFC32SGMXY]
●  1 x  Slim Fit Wall Mount with free installion included with The Frame TV [ZG-FRAMESLIMFITINSTALL]
",,,,,End of Test,,,,,,,,,,,,,,,,,,,,,,,,,,,,,,,,,,,,,,,,,,,,,,,,,,,,,,,,,,,,,,,,,,,,,,,,,0,,,,,,,,,,,,,,,,,
,CTV-02,,,,,"43"" Lifestyle Serif LS01D",The Serif LS01D,N,QA43LS01DAJXZK,https://www.samsung.com/hk/lifestyle-tvs/the-serif/ls01d-43-inch-white-qa43ls01dajxzk/?R=20250131144038,QA43LS01DAJXZK,"9,980","9,980",,,"9,980",Yes,450,450,,,,,,,,,,,Add to Cart,"9,530.00",,,,,,,,,,,,,0,"
",,,,,End of Test,,,,,,,,,,,,,,,,,,,,,,,,,,,,,,,,,,,,,,,,,,,,,,,,,,,,,,,,,,,,,,,,,,,,,,,,,0,,,,,,,,,,,,,,,,,
,CTV-03,,,,,"43"" Lifestyle Frame LS03D",The Frame LS03D,N,QA43LS03DAJXZK,https://www.samsung.com/hk/lifestyle-tvs/the-frame/ls03d-43-inch-black-qa43ls03dajxzk/?R=20250131144038,QA43LS03DAJXZK,"7,980","7,980",,,"7,980",Yes,300,300,,,,,,,,,,,Add to Cart,"7,680.00",,Z-VG-SCFA43WTBRU,,,,,,ZG-FRAMESLIMFITINSTALL,,,,"Z-VG-SCFA43WTBRU,ZG-FRAMESLIMFITINSTALL",2,"
●  1 x  43"" The Frame Modern type White Bezel [Z-VG-SCFA43WTBRU]
●  1 x  Slim Fit Wall Mount with free installion included with The Frame TV [ZG-FRAMESLIMFITINSTALL]
",,,,,End of Test,,,,,,,,,,,,,,,,,,,,,,,,,,,,,,,,,,,,,,,,,,,,,,,,,,,,,,,,,,,,,,,,,,,,,,,,,0,,,,,,,,,,,,,,,,,
Kristin,CTV-04,,,,,"43"" The Sero LS05B White",The Sero LS05BB,N,QA43LS05BBJXZK,https://www.samsung.com/hk/lifestyle-tvs/the-sero/ls05bb-43-inch-the-sero-qled-4k-smart-tv-white-qa43ls05bbjxzk/?R=20250131144038,QA43LS05BBJXZK,"12,980","12,980",,,"12,980",Yes,600,600,,,,,,,,,,,Add to Cart,"12,380.00",,,,,,,,,,,,,0,"
",,,,,End of Test,,,,,,,,,,,,,,,,,,,,,,,,,,,,,,,,,,,,,,,,,,,,,,,,,,,,,,,,,,,,,,,,,,,,,,,,,0,,,,,,,,,,,,,,,,,
,CTV-05,,,,,"43"" QLED Q60D",QLED 4K Q60D,N,QA43Q60DAJXZK,https://www.samsung.com/hk/tvs/qled-tv/q60d-43-inch-qled-4k-tizen-os-smart-tv-qa43q60dajxzk/?R=20250131144038,QA43Q60DAJXZK,"5,380","4,780",,,"4,780",Yes,200,200,,,,,,,,,,,Add to Cart,"4,580.00",,,,,,,,,,,,,0,"
",,,,,End of Test,,,,,,,,,,,,,,,,,,,,,,,,,,,,,,,,,,,,,,,,,,,,,,,,,,,,,,,,,,,,,,,,,,,,,,,,,0,,,,,,,,,,,,,,,,,
,CTV-06,,,,,"43"" QLED Q61D",QLED 4K Q60D,N,QA43Q61DAJXZK,https://www.samsung.com/hk/tvs/qled-tv/q60d-43-inch-qled-4k-tizen-os-smart-tv-qa43q61dajxzk/?R=20250131144038,QA43Q61DAJXZK,"5,380","4,980",,,"4,980",Yes,100,100,,,,,,,,,,,Add to Cart,"4,880.00",,,,,,,,,,,,,0,"
",,,,,End of Test,,,,,,,,,,,,,,,,,,,,,,,,,,,,,,,,,,,,,,,,,,,,,,,,,,,,,,,,,,,,,,,,,,,,,,,,,0,,,,,,,,,,,,,,,,,
Kristin,CTV-07,,,,,"43"" Neo QLED 4K QN90D",Neo QLED 4K QN90D,N,QA43QN90DAJXZK,https://www.samsung.com/hk/tvs/qled-tv/qn90d-43-inch-neo-qled-4k-tizen-os-smart-tv-qa43qn90dajxzk/?R=20250131144038,QA43QN90DAJXZK,"8,980","6,980",,,"6,980",Yes,350,350,,,,,,,,,,,Add to Cart,"6,630.00",,,,,,,,,,,,,0,"
",,,,,End of Test,,,,,,,,,,,,,,,,,,,,,,,,,,,,,,,,,,,,,,,,,,,,,,,,,,,,,,,,,,,,,,,,,,,,,,,,,0,,,,,,,,,,,,,,,,,
Kristin,CTV-08,,,,,"48"" OLED S90DAE",OLED 4K S90D,N,QA48S90DAEXZK,https://www.samsung.com/hk/tvs/oled-tv/oled-4k-tizen-os-smart-tv-48-inch-qa48s90daexzk/?R=20250131144038,QA48S90DAEXZK,"10,980","8,980",,,"8,980",Yes,400,400,,,,,,,,,,,Add to Cart,"8,580.00",,,,,,,,,,,,,0,"
",,,,,End of Test,,,,,,,,,,,,,,,,,,,,,,,,,,,,,,,,,,,,,,,,,,,,,,,,,,,,,,,,,,,,,,,,,,,,,,,,,0,,,,,,,,,,,,,,,,,
,CTV-09,,,,,"50"" Lifestyle Frame LS03D",The Frame LS03D,N,QA50LS03DAJXZK,https://www.samsung.com/hk/lifestyle-tvs/the-frame/ls03d-50-inch-black-qa50ls03dajxzk/?R=20250131144038,QA50LS03DAJXZK,"8,980","8,980",,,"8,980",Yes,400,400,,,,,,,,,,,Add to Cart,"8,580.00",,Z-VG-SCFA50WTBRU,,,,,,ZG-FRAMESLIMFITINSTALL,,,,"Z-VG-SCFA50WTBRU,ZG-FRAMESLIMFITINSTALL",2,"
●  1 x  50"" The Frame Modern type White Bezel [Z-VG-SCFA50WTBRU]
●  1 x  Slim Fit Wall Mount with free installion included with The Frame TV [ZG-FRAMESLIMFITINSTALL]
",,,,,End of Test,,,,,,,,,,,,,,,,,,,,,,,,,,,,,,,,,,,,,,,,,,,,,,,,,,,,,,,,,,,,,,,,,,,,,,,,,0,,,,,,,,,,,,,,,,,
,CTV-10,,,,,"50"" QLED Q60D",QLED 4K Q60D,N,QA50Q60DAJXZK,https://www.samsung.com/hk/tvs/qled-tv/q60d-50-inch-qled-4k-tizen-os-smart-tv-qa50q60dajxzk/?R=20250131144038,QA50Q60DAJXZK,"6,480","5,980",,,"5,980",Yes,200,200,,,,,,,,,,,Add to Cart,"5,780.00",,,,,,,,,,,,,0,"
",,,,,End of Test,,,,,,,,,,,,,,,,,,,,,,,,,,,,,,,,,,,,,,,,,,,,,,,,,,,,,,,,,,,,,,,,,,,,,,,,,0,,,,,,,,,,,,,,,,,
,CTV-11,,,,,"50"" QLED Q80D",QLED 4K Q80D,N,QA50Q80DAJXZK,https://www.samsung.com/hk/tvs/qled-tv/q80d-50-inch-qled-4k-tizen-os-smart-tv-qa50q80dajxzk/?R=20250131144038,QA50Q80DAJXZK,"7,680","6,780",,,"6,780",Yes,300,300,,,,,,,,,,,Add to Cart,"6,480.00",,Z-HW-C450/ZK,,,,,,,,,,Z-HW-C450/ZK,1,"
●  1 x  C-Series HW-C450 2.1ch Soundbar [Z-HW-C450/ZK]
",,,,,End of Test,,,,,,,,,,,,,,,,,,,,,,,,,,,,,,,,,,,,,,,,,,,,,,,,,,,,,,,,,,,,,,,,,,,,,,,,,0,,,,,,,,,,,,,,,,,
,CTV-12,,,,,"50"" QLED QE1D",QLED 4K QE1D,N,QA50QE1DAJXZK,https://www.samsung.com/hk/tvs/qled-tv/qe1d-50-inch-qled-4k-tizen-os-smart-tv-qa50qe1dajxzk/?R=20250131144038,QA50QE1DAJXZK,"6,180","5,780",,,"5,780",Yes,250,250,,,,,,,,,,,Add to Cart,"5,530.00",,,,,,,,,,,,,0,"
",,,,,End of Test,,,,,,,,,,,,,,,,,,,,,,,,,,,,,,,,,,,,,,,,,,,,,,,,,,,,,,,,,,,,,,,,,,,,,,,,,0,,,,,,,,,,,,,,,,,
Kristin,CTV-13,,,,,"50"" Neo QLED 4K QN90D",Neo QLED 4K QN90D,N,QA50QN90DAJXZK,https://www.samsung.com/hk/tvs/qled-tv/qn90d-50-inch-neo-qled-4k-tizen-os-smart-tv-qa50qn90dajxzk/?R=20250131144038,QA50QN90DAJXZK,"9,980","8,980",,,"8,980",Yes,400,400,,,,,,,,,,,Add to Cart,"8,580.00",,,,,,,,,,,,,0,"
","Remove 
Z-CESPCOUPONSx5",,,,End of Test,,,,,,,,,,,,,,,,,,,,,,,,,,,,,,,,,,,,,,,,,,,,,,,,,,,,,,,,,,,,,,,,,,,,,,,,,0,,,,,,,,,,,,,,,,,
,CTV-14,,,,,"55"" Lifestyle Frame LS03D",The Frame LS03D,N,QA55LS03DAJXZK,https://www.samsung.com/hk/lifestyle-tvs/the-frame/ls03d-55-inch-black-qa55ls03dajxzk/?R=20250131144038,QA55LS03DAJXZK,"13,980","11,980",,,"11,980",Yes,500,500,,,,,,,,,,,Add to Cart,"11,480.00",,Z-VG-SCFA55WTBRU,,,,,,ZG-FRAMESLIMFITINSTALL,,,,"Z-VG-SCFA55WTBRU,ZG-FRAMESLIMFITINSTALL",2,"
●  1 x  55"" The Frame Modern type White Bezel [Z-VG-SCFA55WTBRU]
●  1 x  Slim Fit Wall Mount with free installion included with The Frame TV [ZG-FRAMESLIMFITINSTALL]
",,,,,End of Test,,,,,,,,,,,,,,,,,,,,,,,,,,,,,,,,,,,,,,,,,,,,,,,,,,,,,,,,,,,,,,,,,,,,,,,,,0,,,,,,,,,,,,,,,,,
,CTV-15,,,,,"55"" QLED Q60D",QLED 4K Q60D,N,QA55Q60DAJXZK,https://www.samsung.com/hk/tvs/qled-tv/q60d-55-inch-qled-4k-tizen-os-smart-tv-qa55q60dajxzk/?R=20250131144038,QA55Q60DAJXZK,"7,980","6,980",,,"6,980",Yes,300,300,,,,,,,,,,,Add to Cart,"6,680.00",,,,,,,,,,,,,0,"
","Remove
Z-WMN-B50EB/XY",,,,End of Test,,,,,,,,,,,,,,,,,,,,,,,,,,,,,,,,,,,,,,,,,,,,,,,,,,,,,,,,,,,,,,,,,,,,,,,,,0,,,,,,,,,,,,,,,,,
,CTV-16,,,,,"55"" QLED Q70D",QLED 4K Q70D,N,QA55Q70DAJXZK,https://www.samsung.com/hk/tvs/qled-tv/q70d-55-inch-qled-4k-tizen-os-smart-tv-qa55q70dajxzk/?R=20250131144038,QA55Q70DAJXZK,"9,480","7,480",,,"7,480",Yes,300,300,,,,,,,,,,,Add to Cart,"7,180.00",,,,,,,,,,,,,0,"
","Remove
Z-WMN-B50EB/XY",,,,End of Test,,,,,,,,,,,,,,,,,,,,,,,,,,,,,,,,,,,,,,,,,,,,,,,,,,,,,,,,,,,,,,,,,,,,,,,,,0,,,,,,,,,,,,,,,,,
,CTV-17,,,,,"55"" QLED QE1D",QLED 4K QE1D,N,QA55QE1DAJXZK,https://www.samsung.com/hk/tvs/qled-tv/qe1d-55-inch-qled-4k-tizen-os-smart-tv-qa55qe1dajxzk/?R=20250131144038,QA55QE1DAJXZK,"6,980","6,680",,,"6,680",Yes,300,300,,,,,,,,,,,Add to Cart,"6,380.00",,,,,,,,,,,,,0,"
","Remove
Z-WMN-B50EB/XY",,,,End of Test,,,,,,,,,,,,,,,,,,,,,,,,,,,,,,,,,,,,,,,,,,,,,,,,,,,,,,,,,,,,,,,,,,,,,,,,,0,,,,,,,,,,,,,,,,,
,CTV-18,,,,,"55"" Neo QLED 4K QN85D",Neo QLED 4K QN85D,N,QA55QN85DBJXZK,https://www.samsung.com/hk/tvs/qled-tv/qn85d-55-inch-neo-qled-4k-tizen-os-smart-tv-qa55qn85dbjxzk/?R=20250131144038,QA55QN85DBJXZK,"9,980","8,980",,,"8,980",Yes,400,400,,,,,,,,,,,Add to Cart,"8,580.00",,,,,,,,,,,,,0,"
","Remove
Z-WMN-B05FB/XY

Swap Z-HW-S700D/ZK-C to Z-UA32T5300AJXZK",,,,End of Test,,,,,,,,,,,,,,,,,,,,,,,,,,,,,,,,,,,,,,,,,,,,,,,,,,,,,,,,,,,,,,,,,,,,,,,,,0,,,,,,,,,,,,,,,,,
,CTV-19,,,,,"55"" Neo QLED 4K QN87D",Neo QLED 4K QN87D,N,QA55QN87DAJXZK,https://www.samsung.com/hk/tvs/qled-tv/qn87d-55-inch-neo-qled-4k-tizen-os-smart-tv-qa55qn87dajxzk/?R=20250131144038,QA55QN87DAJXZK,"10,980","9,480",,,"9,480",Yes,400,400,,,,,,,,,,,Add to Cart,"9,080.00",,,,,,,,,,,,,0,"
","Remove
Z-WMN-B05FB/XY

Swap Z-HW-S700D/ZK-C to Z-UA32T5300AJXZK",,,,End of Test,,,,,,,,,,,,,,,,,,,,,,,,,,,,,,,,,,,,,,,,,,,,,,,,,,,,,,,,,,,,,,,,,,,,,,,,,0,,,,,,,,,,,,,,,,,
Kristin,CTV-20,,,,,"55"" Neo QLED 4K QN90D",Neo QLED 4K QN90D,N,QA55QN90DAJXZK,https://www.samsung.com/hk/tvs/qled-tv/qn90d-55-inch-neo-qled-4k-tizen-os-smart-tv-qa55qn90dajxzk/?R=20250131144038,QA55QN90DAJXZK,"15,980","14,980",,,"14,980",Yes,700,700,,,,,,,,,,,Add to Cart,"14,280.00",,Z-HW-S700D/ZK,,,,,,ZG-FREE1YRWAREXT,,,,"Z-HW-S700D/ZK,ZG-FREE1YRWAREXT",2,"
●  1 x  S-Series HW-S700D Soundbar [Z-HW-S700D/ZK]
●  1 x  Free 1-year Warranty Extension Offer (designated TV models) [ZG-FREE1YRWAREXT]
","Remove 
Z-WMN-B05FB/XY        
Z-UA32T5300AJXZK
Z-CESPCOUPONSx5

Swap Z-HW-S700D/ZK-C to Z-UA32T5300AJXZK",,,,End of Test,,,,,,,,,,,,,,,,,,,,,,,,,,,,,,,,,,,,,,,,,,,,,,,,,,,,,,,,,,,,,,,,,,,,,,,,,0,,,,,,,,,,,,,,,,,
Kristin,CTV-21,,,,,"55"" Neo QLED 4K QN95D",Neo QLED 4K QN95D,N,QA55QN95DAJXZK,https://www.samsung.com/hk/tvs/qled-tv/qn95d-55-inch-neo-qled-4k-tizen-os-smart-tv-qa55qn95dajxzk/?R=20250131144038,QA55QN95DAJXZK,"19,980","19,980",,,"19,980",Yes,900,900,,,,,,,,,,,Add to Cart,"19,080.00",,Z-HW-LS60D/ZK-C,,,,,,ZG-FREE1YRWAREXT,,,,"Z-HW-LS60D/ZK-C,ZG-FREE1YRWAREXT",2,"
●  1 x  Music Frame HW-LS60D [Z-HW-LS60D/ZK-C]
●  1 x  Free 1-year Warranty Extension Offer (designated TV models) [ZG-FREE1YRWAREXT]
","Remove 
Z-WMN-B05FB/XY
Z-UA32T5300AJXZK
 Z-CESPCOUPONSx5

Swap Z-HW-S700D/ZK-C to Z-UA32T5300AJXZK",,,,End of Test,,,,,,,,,,,,,,,,,,,,,,,,,,,,,,,,,,,,,,,,,,,,,,,,,,,,,,,,,,,,,,,,,,,,,,,,,0,,,,,,,,,,,,,,,,,
Kristin,CTV-22,,,,,"55"" OLED S90DA",OLED 4K S90D,N,QA55S90DAJXZK,https://www.samsung.com/hk/tvs/oled-tv/s90d-55-inch-oled-4k-tizen-os-smart-tv-qa55s90dajxzk/?R=20250131144038,QA55S90DAJXZK,"15,980","14,680",,,"14,680",Yes,650,650,,,,,,,,,,,Add to Cart,"14,030.00",,Z-HW-S700D/ZK,,,,,,,,,,Z-HW-S700D/ZK,1,"
●  1 x  S-Series HW-S700D Soundbar [Z-HW-S700D/ZK]
","Remove 
Z-WMN-B05FB/XY
Z-CESPCOUPONSx5
Z-Y24EPL12MPASS-C
Z-UA32T5300AJXZK

Swap Z-HW-S700D/ZK-C to Z-UA32T5300AJXZK",,,,End of Test,,,,,,,,,,,,,,,,,,,,,,,,,,,,,,,,,,,,,,,,,,,,,,,,,,,,,,,,,,,,,,,,,,,,,,,,,0,,,,,,,,,,,,,,,,,
Kristin,CTV-23,,,,,"55"" OLED S95D",OLED 4K S95D,N,QA55S95DAJXZK,https://www.samsung.com/hk/tvs/oled-tv/s95d-55-inch-oled-4k-tizen-os-smart-tv-qa55s95dajxzk/?R=20250131144038,QA55S95DAJXZK,"18,980","18,980",,,"18,980",Yes,850,850,,,,,,,,,,,Add to Cart,"18,130.00",,Z-HW-LS60D/ZK-C,,,,,,,,,,Z-HW-LS60D/ZK-C,1,"
●  1 x  Music Frame HW-LS60D [Z-HW-LS60D/ZK-C]
","Remove Z-WMN-B16FB/XY
Remove Z-UA32T5300AJXZK
Remove Z-Y24EPL12MPASS-C

Swap Z-HW-S700D/ZK-C to Z-UA32T5300AJXZK",,,,End of Test,,,,,,,,,,,,,,,,,,,,,,,,,,,,,,,,,,,,,,,,,,,,,,,,,,,,,,,,,,,,,,,,,,,,,,,,,0,,,,,,,,,,,,,,,,,
Jess,CTV-24,,,,,"65"" Lifestyle Frame LS03D",The Frame LS03D,N,QA65LS03DAJXZK,https://www.samsung.com/hk/lifestyle-tvs/the-frame/ls03d-65-inch-black-qa65ls03dajxzk/?R=20250131144038,QA65LS03DAJXZK,"19,980","18,980",,,"18,980",Yes,900,900,,,,,,,,,,,Add to Cart,"18,080.00",,Z-VG-SCFA65BWBRU-C,,,,,,ZG-FRAMESLIMFITINSTALL,,,,"Z-VG-SCFA65BWBRU-C,ZG-FRAMESLIMFITINSTALL",2,"
●  1 x  65"" The Frame Modern type Brown Bezel [Z-VG-SCFA65BWBRU-C]
●  1 x  Slim Fit Wall Mount with free installion included with The Frame TV [ZG-FRAMESLIMFITINSTALL]
",,,,,End of Test,,,,,,,,,,,,,,,,,,,,,,,,,,,,,,,,,,,,,,,,,,,,,,,,,,,,,,,,,,,,,,,,,,,,,,,,,0,,,,,,,,,,,,,,,,,
,CTV-25,,,,,"65"" QLED Q60D",QLED 4K Q60D,N,QA65Q60DAJXZK,https://www.samsung.com/hk/tvs/qled-tv/q60d-65-inch-qled-4k-tizen-os-smart-tv-qa65q60dajxzk/?R=20250131144038,QA65Q60DAJXZK,"10,980","10,980",,,"10,980",Yes,500,500,,,,,,,,,,,Add to Cart,"10,480.00",,,,,,,,,,,,,0,"
",,,,,End of Test,,,,,,,,,,,,,,,,,,,,,,,,,,,,,,,,,,,,,,,,,,,,,,,,,,,,,,,,,,,,,,,,,,,,,,,,,0,,,,,,,,,,,,,,,,,
,CTV-26,,,,,"65"" QLED Q70D",QLED 4K Q70D,N,QA65Q70DAJXZK,https://www.samsung.com/hk/tvs/qled-tv/q70d-65-inch-qled-4k-tizen-os-smart-tv-qa65q70dajxzk/?R=20250131144038,QA65Q70DAJXZK,"14,980","12,980",,,"12,980",Yes,600,600,,,,,,,,,,,Add to Cart,"12,380.00",,Z-WMN-B50EB/XY,,,,,,,,,,Z-WMN-B50EB/XY,1,"
●  1 x  Slim Fit Wall Mount WMN-B50EB (2023) [Z-WMN-B50EB/XY]
","Remove
Z-UA32T5300AJXZK",,,,End of Test,,,,,,,,,,,,,,,,,,,,,,,,,,,,,,,,,,,,,,,,,,,,,,,,,,,,,,,,,,,,,,,,,,,,,,,,,0,,,,,,,,,,,,,,,,,
,CTV-27,,,,,"65"" Neo QLED 8K QN800D",Neo QLED 8K QN800D,N,QA65QN800DJXZK,https://www.samsung.com/hk/tvs/qled-tv/qn800d-65-inch-neo-qled-8k-tizen-os-smart-tv-qa65qn800djxzk/?R=20250131144038,QA65QN800DJXZK,"30,980","29,980",,,29980,Yes,"1,200","1,200",,,,,,,,,,,Add to Cart,"28,780.00",,Z-WMN-B16FB/XY,Z-SM-X510NLGATGY-C,,,,,ZG-FREE1YRWAREXT,,,,"Z-WMN-B16FB/XY,Z-SM-X510NLGATGY-C,ZG-FREE1YRWAREXT",3,"
●  1 x  Full Motion Slim Wall Mount WMN-B16FB (2023) [Z-WMN-B16FB/XY]
●  1 x  Galaxy Tab S9 FE Wi-Fi (Mint) [Z-SM-X510NLGATGY-C]
●  1 x  Free 1-year Warranty Extension Offer (designated TV models) [ZG-FREE1YRWAREXT]
",,,,,End of Test,,,,,,,,,,,,,,,,,,,,,,,,,,,,,,,,,,,,,,,,,,,,,,,,,,,,,,,,,,,,,,,,,,,,,,,,,0,,,,,,,,,,,,,,,,,
,CTV-28,,,,,"65"" Neo QLED 4K QN87D",Neo QLED 4K QN87D,N,QA65QN87DAJXZK,https://www.samsung.com/hk/tvs/qled-tv/qn87d-65-inch-neo-qled-4k-tizen-os-smart-tv-qa65qn87dajxzk/?R=20250131144038,QA65QN87DAJXZK,"17,980","15,980",,,"15,980",Yes,750,750,,,,,,,,,,,Add to Cart,"15,230.00",,Z-WMN-B16FB/XY,,,,,,,,,,Z-WMN-B16FB/XY,1,"
●  1 x  Full Motion Slim Wall Mount WMN-B16FB (2023) [Z-WMN-B16FB/XY]
",,,,,End of Test,,,,,,,,,,,,,,,,,,,,,,,,,,,,,,,,,,,,,,,,,,,,,,,,,,,,,,,,,,,,,,,,,,,,,,,,,0,,,,,,,,,,,,,,,,,
Jess,CTV-29,,,,,"65"" Neo QLED 8K QN900D",Neo QLED 8K QN900D,N,QA65QN900DJXZK,https://www.samsung.com/hk/tvs/qled-tv/qn900d-65-inch-neo-qled-8k-tizen-os-smart-tv-qa65qn900djxzk/?R=20250131144038,QA65QN900DJXZK,"36,980","34,980",,,"34,980",Yes,"1,600","1,600",,,,,,,,,,,Add to Cart,"33,380.00",,Z-WMN-B16FB/XY,Z-HW-LS60D/ZK-C,,,,,ZG-FREE1YRWAREXT,,,,"Z-WMN-B16FB/XY,Z-HW-LS60D/ZK-C,ZG-FREE1YRWAREXT",3,"
●  1 x  Full Motion Slim Wall Mount WMN-B16FB (2023) [Z-WMN-B16FB/XY]
●  1 x  Music Frame HW-LS60D [Z-HW-LS60D/ZK-C]
●  1 x  Free 1-year Warranty Extension Offer (designated TV models) [ZG-FREE1YRWAREXT]
",,,,,End of Test,,,,,,,,,,,,,,,,,,,,,,,,,,,,,,,,,,,,,,,,,,,,,,,,,,,,,,,,,,,,,,,,,,,,,,,,,0,,,,,,,,,,,,,,,,,
,CTV-30,,,,,"65"" Neo QLED 4K QN95D",Neo QLED 4K QN95D,N,QA65QN95DAJXZK,https://www.samsung.com/hk/tvs/qled-tv/qn95d-65-inch-neo-qled-4k-tizen-os-smart-tv-qa65qn95dajxzk/?R=20250131144038,QA65QN95DAJXZK,"25,480","22,980",,,"22,980",Yes,"1,000","1,000",,,,,,,,,,,Add to Cart,"21,980.00",,Z-WMN-B16FB/XY,Z-SM-X510NLGATGY-C,,,,,ZG-FREE1YRWAREXT,,,,"Z-WMN-B16FB/XY,Z-SM-X510NLGATGY-C,ZG-FREE1YRWAREXT",3,"
●  1 x  Full Motion Slim Wall Mount WMN-B16FB (2023) [Z-WMN-B16FB/XY]
●  1 x  Galaxy Tab S9 FE Wi-Fi (Mint) [Z-SM-X510NLGATGY-C]
●  1 x  Free 1-year Warranty Extension Offer (designated TV models) [ZG-FREE1YRWAREXT]
",Remove Z-Y24EPL12MPASS-C,,,,End of Test,,,,,,,,,,,,,,,,,,,,,,,,,,,,,,,,,,,,,,,,,,,,,,,,,,,,,,,,,,,,,,,,,,,,,,,,,0,,,,,,,,,,,,,,,,,
Jess,CTV-31,,,,,"65"" OLED S90DA",OLED 4K S90D,N,QA65S90DAJXZK,https://www.samsung.com/hk/tvs/oled-tv/s90d-65-inch-oled-4k-tizen-os-smart-tv-qa65s90dajxzk/?R=20250131144038,QA65S90DAJXZK,"20,980","19,980",,,"19,980",Yes,950,950,,,,,,,,,,,Add to Cart,"19,030.00",,Z-WMN-B05FB/XY,Z-HW-LS60D/ZK-C,,,,,,,,,"Z-WMN-B05FB/XY,Z-HW-LS60D/ZK-C",2,"
●  1 x  Full Motion Slim Fit Wall Mount WMN-B05FB (2023) [Z-WMN-B05FB/XY]
●  1 x  Music Frame HW-LS60D [Z-HW-LS60D/ZK-C]
",,,,,End of Test,,,,,,,,,,,,,,,,,,,,,,,,,,,,,,,,,,,,,,,,,,,,,,,,,,,,,,,,,,,,,,,,,,,,,,,,,0,,,,,,,,,,,,,,,,,
Jess,CTV-32,,,,,"65"" OLED S95D",OLED 4K S95D,N,QA65S95DAJXZK,https://www.samsung.com/hk/tvs/oled-tv/s95d-65-inch-oled-4k-tizen-os-smart-tv-qa65s95dajxzk/?R=20250131144038,QA65S95DAJXZK,"25,980","24,980",,,"24,980",Yes,"1,200","1,200",,,,,,,,,,,Add to Cart,"23,780.00",,Z-WMN-B16FB/XY,Z-HW-LS60D/ZK-C,,,,,,,,,"Z-WMN-B16FB/XY,Z-HW-LS60D/ZK-C",2,"
●  1 x  Full Motion Slim Wall Mount WMN-B16FB (2023) [Z-WMN-B16FB/XY]
●  1 x  Music Frame HW-LS60D [Z-HW-LS60D/ZK-C]
",,,,,End of Test,,,,,,,,,,,,,,,,,,,,,,,,,,,,,,,,,,,,,,,,,,,,,,,,,,,,,,,,,,,,,,,,,,,,,,,,,0,,,,,,,,,,,,,,,,,
Jess,CTV-33,,,,,"75"" Lifestyle Frame LS03D",The Frame LS03D,N,QA75LS03DAJXZK,https://www.samsung.com/hk/lifestyle-tvs/the-frame/ls03d-75-inch-black-qa75ls03dajxzk/?R=20250131144038,QA75LS03DAJXZK,"39,980","39,980",,,"39,980",Yes,"1,800","1,800",,,,,,,,,,,Add to Cart,"38,180.00",,Z-VG-SCFA75BWBRU-C,Z-HW-LS60D/ZK-C,,,,,ZG-FRAMESLIMFITINSTALL,,,,"Z-VG-SCFA75BWBRU-C,Z-HW-LS60D/ZK-C,ZG-FRAMESLIMFITINSTALL",3,"
●  1 x  75"" The Frame Modern type Brown Bezel [Z-VG-SCFA75BWBRU-C]
●  1 x  Music Frame HW-LS60D [Z-HW-LS60D/ZK-C]
●  1 x  Slim Fit Wall Mount with free installion included with The Frame TV [ZG-FRAMESLIMFITINSTALL]
",,,,,End of Test,,,,,,,,,,,,,,,,,,,,,,,,,,,,,,,,,,,,,,,,,,,,,,,,,,,,,,,,,,,,,,,,,,,,,,,,,0,,,,,,,,,,,,,,,,,
Jess,CTV-34,,,,,"75"" QLED Q70D",QLED 4K Q70D,N,QA75Q70DAJXZK,https://www.samsung.com/hk/tvs/qled-tv/q70d-75-inch-qled-4k-tizen-os-smart-tv-qa75q70dajxzk/?R=20250131144038,QA75Q70DAJXZK,"24,980","20,980",,,"20,980",Yes,"1,000","1,000",,,,,,,,,,,Add to Cart,"19,980.00",,Z-HW-LS60D/ZK-C,,,,,,,,,,Z-HW-LS60D/ZK-C,1,"
●  1 x  Music Frame HW-LS60D [Z-HW-LS60D/ZK-C]
",,,,,End of Test,,,,,,,,,,,,,,,,,,,,,,,,,,,,,,,,,,,,,,,,,,,,,,,,,,,,,,,,,,,,,,,,,,,,,,,,,0,,,,,,,,,,,,,,,,,
,CTV-35,,,,,"75"" Neo QLED 8K QN800D",Neo QLED 8K QN800D,EOL,QA75QN800DJXZK,https://www.samsung.com/hk/tvs/qled-tv/qn800d-75-inch-neo-qled-8k-tizen-os-smart-tv-qa75qn800djxzk/?R=20250131144038,QA75QN800DJXZK,0,"67,980",,,0,Yes,"3,000","3,000",,,,,,,,,,,Add to Cart,"-3,000.00",,Z-WMN-B16FB/XY,Z-HW-Q930D/ZK,,,,,,,,,"Z-WMN-B16FB/XY,Z-HW-Q930D/ZK",2,"
●  1 x  Full Motion Slim Wall Mount WMN-B16FB (2023) [Z-WMN-B16FB/XY]
●  1 x  Q-series Soundbar HW-Q930D [Z-HW-Q930D/ZK]
",Swap Q930 to QA43LS05BB,,,,End of Test,,,,,,,,,,,,,,,,,,,,,,,,,,,,,,,,,,,,,,,,,,,,,,,,,,,,,,,,,,,,,,,,,,,,,,,,,0,,,,,,,,Key,,,,,,,,,
,CTV-36,,,,,"75"" Neo QLED 8K QN900D",Neo QLED 8K QN900D,N,QA75QN900DJXZK,https://www.samsung.com/hk/tvs/qled-tv/qn900d-75-inch-neo-qled-8k-tizen-os-smart-tv-qa75qn900djxzk/?R=20250131144038,QA75QN900DJXZK,"79,980","79,980",,,"79,980",Yes,"3,200","3,200",,,,,,,,,,,Add to Cart,"76,780.00",,Z-WMN-B16FB/XY,Z-HW-Q930D/ZK,,,,,ZG-FREE1YRWAREXT,,,,"Z-WMN-B16FB/XY,Z-HW-Q930D/ZK,ZG-FREE1YRWAREXT",3,"
●  1 x  Full Motion Slim Wall Mount WMN-B16FB (2023) [Z-WMN-B16FB/XY]
●  1 x  Q-series Soundbar HW-Q930D [Z-HW-Q930D/ZK]
●  1 x  Free 1-year Warranty Extension Offer (designated TV models) [ZG-FREE1YRWAREXT]
",Swap Q930 to QA43LS05BB,,,,End of Test,,,,,,,,,,,,,,,,,,,,,,,,,,,,,,,,,,,,,,,,,,,,,,,,,,,,,,,,,,,,,,,,,,,,,,,,,0,,,,,,,,,,,,,,,,,
,CTV-37,,,,,"77"" OLED S90DAE",OLED 4K S90D,N,QA77S90DAEXZK,https://www.samsung.com/hk/tvs/oled-tv/s90d-77-inch-oled-4k-tizen-os-smart-tv-qa77s90daexzk/?R=20250131144038,QA77S90DAEXZK,"46,480","46,480",,,"46,480",Yes,"2,000","2,000",,,,,,,,,,,Add to Cart,"44,480.00",,Z-WMN-B16FB/XY,Z-HW-Q930D/ZK,,,,,,,,,"Z-WMN-B16FB/XY,Z-HW-Q930D/ZK",2,"
●  1 x  Full Motion Slim Wall Mount WMN-B16FB (2023) [Z-WMN-B16FB/XY]
●  1 x  Q-series Soundbar HW-Q930D [Z-HW-Q930D/ZK]
",,,,,End of Test,,,,,,,,,,,,,,,,,,,,,,,,,,,,,,,,,,,,,,,,,,,,,,,,,,,,,,,,,,,,,,,,,,,,,,,,,0,,,,,,,,,,,,,,,,,
,CTV-38,,,,,"77"" OLED S95D",OLED 4K S95D,N,QA77S95DAJXZK,https://www.samsung.com/hk/tvs/oled-tv/s95d-77-inch-oled-4k-tizen-os-smart-tv-qa77s95dajxzk/?R=20250131144038,QA77S95DAJXZK,"62,980","59,980",,,"59,980",Yes,"2,500","2,500",,,,,,,,,,,Add to Cart,"57,480.00",,Z-WMN-B16FB/XY,Z-HW-Q930D/ZK,,,,,,,,,"Z-WMN-B16FB/XY,Z-HW-Q930D/ZK",2,"
●  1 x  Full Motion Slim Wall Mount WMN-B16FB (2023) [Z-WMN-B16FB/XY]
●  1 x  Q-series Soundbar HW-Q930D [Z-HW-Q930D/ZK]
",,,,,End of Test,,,,,,,,,,,,,,,,,,,,,,,,,,,,,,,,,,,,,,,,,,,,,,,,,,,,,,,,,,,,,,,,,,,,,,,,,0,,,,,,,,,,,,,,,,,
,CTV-39,,,,,"83"" OLED S90DAE",OLED 4K S90D,N,QA83S90DAEXZK,https://www.samsung.com/hk/tvs/oled-tv/s90d-83-inch-oled-4k-tizen-os-smart-tv-qa83s90daexzk/?R=20250131144038,QA83S90DAEXZK,"66,480","59,480",,,"59,480",Yes,"2,500","2,500",,,,,,,,,,,Add to Cart,"56,980.00",,Z-WMN-B16FB/XY,Z-HW-Q930D/ZK,,,,,,,,,"Z-WMN-B16FB/XY,Z-HW-Q930D/ZK",2,"
●  1 x  Full Motion Slim Wall Mount WMN-B16FB (2023) [Z-WMN-B16FB/XY]
●  1 x  Q-series Soundbar HW-Q930D [Z-HW-Q930D/ZK]
",Swap Q930 to QA43LS05BB,,,,End of Test,,,,,,,,,,,,,,,,,,,,,,,,,,,,,,,,,,,,,,,,,,,,,,,,,,,,,,,,,,,,,,,,,,,,,,,,,0,,,,,,,,,,,,,,,,,
Jess,CTV-40,,,,,"85"" QLED Q70D",QLED 4K Q70D,N,QA85Q70DAJXZK,https://www.samsung.com/hk/tvs/qled-tv/q70d-85-inch-qled-4k-tizen-os-smart-tv-qa85q70dajxzk/?R=20250131144038,QA85Q70DAJXZK,"45,980","34,630",,,"34,630",Yes,"1,500","1,500",,,,,,,,,,,Add to Cart,"33,130.00",,Z-WMN-B30FB/RU,,,,,,,,,,Z-WMN-B30FB/RU,1,"
●  1 x  Full Motion Slim Fit TV Wallmount with installation [Z-WMN-B30FB/RU]
",,,,,End of Test,,,,,,,,,,,,,,,,,,,,,,,,,,,,,,,,,,,,,,,,,,,,,,,,,,,,,,,,,,,,,,,,,,,,,,,,,0,,,,,,,,,,,,,,,,,
,CTV-41,,,,,"85"" Neo QLED 8K QN900D",Neo QLED 8K QN900D,N,QA85QN900DJXZK,https://www.samsung.com/hk/tvs/qled-tv/qn900d-85-inch-neo-qled-8k-tizen-os-smart-tv-qa85qn900djxzk/?R=20250131144038,QA85QN900DJXZK,"99,980","99,980",,,"99,980",Yes,"4,000","4,000",,,,,,,,,,,Add to Cart,"95,980.00",,Z-WMN-B30FB/RU,Z-HW-Q930D/ZK,,,,,ZG-FREE1YRWAREXT,,,,"Z-WMN-B30FB/RU,Z-HW-Q930D/ZK,ZG-FREE1YRWAREXT",3,"
●  1 x  Full Motion Slim Fit TV Wallmount with installation [Z-WMN-B30FB/RU]
●  1 x  Q-series Soundbar HW-Q930D [Z-HW-Q930D/ZK]
●  1 x  Free 1-year Warranty Extension Offer (designated TV models) [ZG-FREE1YRWAREXT]
","Remove Z-QA43LS05BAJXZK-C

Swap Q930 to QA43LS05BB",,,,End of Test,,,,,,,,,,,,,,,,,,,,,,,,,,,,,,,,,,,,,,,,,,,,,,,,,,,,,,,,,,,,,,,,,,,,,,,,,0,,,,,,,,,,,,,,,,,
,CTV-42,,,,,"98"" QLED 4K Q80C",QLED 4K Q80C,N,QA98Q80CAJXZK,https://www.samsung.com/hk/tvs/qled-tv/q80c-98-inch-qled-4k-smart-tv-qa98q80cajxzk/?R=20250131144038,QA98Q80CAJXZK,"79,980","79,980",,,"79,980",Yes,"3,200","3,200",,,,,,,,,,,Add to Cart,"76,780.00",,Z-WMN8000SX/XY,,,,,,,,,,Z-WMN8000SX/XY,1,"
●  1 x  TV Wall mount (WMN8000SX) [Z-WMN8000SX/XY]
",,,,,End of Test,,,,,,,,,,,,,,,,,,,,,,,,,,,,,,,,,,,,,,,,,,,,,,,,,,,,,,,,,,,,,,,,,,,,,,,,,0,,,,,,,,,,,,,,,,,
,CTV-43,,,,,"98"" Neo QLED 4K QN90D",Neo QLED 4K QN90D,N,QA98QN90DAJXZK,https://www.samsung.com/hk/tvs/qled-tv/qn90d-98-inch-neo-qled-4k-tizen-os-smart-tv-qa98qn90dajxzk/?R=20250131144038,QA98QN90DAJXZK,"107,980","99,980",,,99980,Yes,"4,800","4,800",,,,,,,,,,,Add to Cart,"95,180.00",,,,,,,,ZG-FREE1YRWAREXT,,,,ZG-FREE1YRWAREXT,1,"
●  1 x  Free 1-year Warranty Extension Offer (designated TV models) [ZG-FREE1YRWAREXT]
",Swap Q930 to QA43LS05BB,,,,End of Test,,,,,,,,,,,,,,,,,,,,,,,,,,,,,,,,,,,,,,,,,,,,,,,,,,,,,,,,,,,,,,,,,,,,,,,,,0,,,,,,,,,,,,,,,,,
,CTV-44,,,,,"98"" Neo QLED 8K QN990C",Neo QLED 8K QN900C,N,QA98QN990CJXZK,https://www.samsung.com/hk/tvs/qled-tv/qn990c-98-inch-neo-qled-8k-smart-tv-qa98qn990cjxzk/?R=20250131144038,QA98QN990CJXZK,0,"279,980",,,0,Yes,"10,000","10,000",,,,,,,,,,,Add to Cart,"-10,000.00",,Z-WMN8000SX/XY,,,,,,,,,,Z-WMN8000SX/XY,1,"
●  1 x  TV Wall mount (WMN8000SX) [Z-WMN8000SX/XY]
",,,,,End of Test,,,,,,,,,,,,,,,,,,,,,,,,,,,,,,,,,,,,,,,,,,,,,,,,,,,,,,,,,,,,,,,,,,,,,,,,,0,,,,,,,,,,,,,,,,,
,CTV-45,,,,,"32"" T5300 FHD Smart TV",FHD Smart TV T5300,N,UA32T5300AJXZK,https://www.samsung.com/hk/tvs/full-hd-tv/t5300-32-inch-full-hd-smart-tv-ua32t5300ajxzk/?R=20250131144038,UA32T5300AJXZK,"2,980","2,980",,,"2,980",No,0,0,,,,,,,,,,,Add to Cart,"2,980.00",,,,,,,,,,,,,0,"
",,,,,End of Test,,,,,,,,,,,,,,,,,,,,,,,,,,,,,,,,,,,,,,,,,,,,,,,,,,,,,,,,,,,,,,,,,,,,,,,,,0,,,,,,,,,,,,,,,,,
,CTV-46,,,,,"43"" Crystal UHD DU7700",Crystal UHD 4K DU7000 ,N,UA43DU7700JXZK,https://www.samsung.com/hk/tvs/uhd-4k-tv/du7000-43-inch-crystal-uhd-4k-tizen-os-smart-tv-ua43du7700jxzk/?R=20250131144038,UA43DU7700JXZK,"3,580","3,380",,,"3,380",Yes,150,150,,,,,,,,,,,Add to Cart,"3,230.00",,,,,,,,,,,,,0,"
",,,,,End of Test,,,,,,,,,,,,,,,,,,,,,,,,,,,,,,,,,,,,,,,,,,,,,,,,,,,,,,,,,,,,,,,,,,,,,,,,,0,,,,,,,,,,,,,,,,,
Jess,CTV-47,,,,,"43"" Crystal UHD DU8000",Crystal UHD 4K DU8000,N,UA43DU8000JXZK,https://www.samsung.com/hk/tvs/uhd-4k-tv/du8000-43-inch-crystal-uhd-4k-tizen-os-smart-tv-ua43du8000jxzk/?R=20250131144038,UA43DU8000JXZK,"4,380","3,980",,,"3,980",Yes,150,150,,,,,,,,,,,Add to Cart,"3,830.00",,,,,,,,,,,,,0,"
",,,,,End of Test,,,,,,,,,,,,,,,,,,,,,,,,,,,,,,,,,,,,,,,,,,,,,,,,,,,,,,,,,,,,,,,,,,,,,,,,,0,,,,,,,,,,,,,,,,,
Jess,CTV-48,,,,,"43"" Crystal UHD DUE800 4K",,N,UA43DUE800JXZK,https://www.samsung.com/hk/tvs/uhd-4k-tv/due800-43-inch-crystal-uhd-4k-tizen-os-smart-tv-ua43due800jxzk/?R=20250131144038,UA43DUE800JXZK,"4,680","3,580",,,"3,580",No,0,0,,,,,,,,,,,Add to Cart,"3,580.00",,,,,,,,,,,,,0,"
",,,,,,,,,,,,,,,,,,,,,,,,,,,,,,,,,,,,,,,,,,,,,,,,,,,,,,,,,,,,,,,,,,,,,,,,,,,,,,0,,,,,,,,,,,,,,,,,
,CTV-49,,,,,"50"" Crystal UHD DU7700",Crystal UHD 4K DU7000 ,N,UA50DU7700JXZK,https://www.samsung.com/hk/tvs/uhd-4k-tv/du7000-50-inch-crystal-uhd-4k-tizen-os-smart-tv-ua50du7700jxzk/?R=20250131144038,UA50DU7700JXZK,"4,180","4,180",,,"4,180",Yes,150,150,,,,,,,,,,,Add to Cart,"4,030.00",,,,,,,,,,,,,0,"
",,,,,End of Test,,,,,,,,,,,,,,,,,,,,,,,,,,,,,,,,,,,,,,,,,,,,,,,,,,,,,,,,,,,,,,,,,,,,,,,,,0,,,,,,,,,,,,,,,,,
Jess,CTV-50,,,,,"50"" Crystal UHD DU8000",Crystal UHD 4K DU8000,N,UA50DU8000JXZK,https://www.samsung.com/hk/tvs/uhd-4k-tv/du8000-50-inch-crystal-uhd-4k-tizen-os-smart-tv-ua50du8000jxzk/?R=20250131144038,UA50DU8000JXZK,"4,980","4,580",,,"4,580",Yes,150,150,,,,,,,,,,,Add to Cart,"4,430.00",,,,,,,,,,,,,0,"
",,,,,End of Test,,,,,,,,,,,,,,,,,,,,,,,,,,,,,,,,,,,,,,,,,,,,,,,,,,,,,,,,,,,,,,,,,,,,,,,,,0,,,,,,,,,,,,,,,,,
,CTV-51,,,,,"55"" Crystal UHD DU7700",Crystal UHD 4K DU7000 ,N,UA55DU7700JXZK,https://www.samsung.com/hk/tvs/uhd-4k-tv/du7000-55-inch-crystal-uhd-4k-tizen-os-smart-tv-ua55du7700jxzk/?R=20250131144038,UA55DU7700JXZK,"4,780","4,680",,,"4,680",Yes,150,150,,,,,,,,,,,Add to Cart,"4,530.00",,,,,,,,,,,,,0,"
",,,,,End of Test,,,,,,,,,,,,,,,,,,,,,,,,,,,,,,,,,,,,,,,,,,,,,,,,,,,,,,,,,,,,,,,,,,,,,,,,,0,,,,,,,,,,,,,,,,,
,CTV-52,,,,,"55"" Crystal UHD DU8000",Crystal UHD 4K DU8000,N,UA55DU8000JXZK,https://www.samsung.com/hk/tvs/uhd-4k-tv/du8000-55-inch-crystal-uhd-4k-tizen-os-smart-tv-ua55du8000jxzk/?R=20250131144038,UA55DU8000JXZK,"5,680","5,680",,,"5,680",Yes,150,150,,,,,,,,,,,Add to Cart,"5,530.00",,,,,,,,,,,,,0,"
",,,,,End of Test,,,,,,,,,,,,,,,,,,,,,,,,,,,,,,,,,,,,,,,,,,,,,,,,,,,,,,,,,,,,,,,,,,,,,,,,,0,,,,,,,,,,,,,,,,,
Jess,CTV-53,,,,,"65"" Crystal UHD DU8000",Crystal UHD 4K DU8000,N,UA65DU8000JXZK,https://www.samsung.com/hk/tvs/uhd-4k-tv/du8000-65-inch-crystal-uhd-4k-tizen-os-smart-tv-ua65du8000jxzk/?R=20250131144038,UA65DU8000JXZK,"8,980","7,980",,,"7,980",Yes,300,300,,,,,,,,,,,Add to Cart,"7,680.00",,,,,,,,,,,,,0,"
",,,,,End of Test,,,,,,,,,,,,,,,,,,,,,,,,,,,,,,,,,,,,,,,,,,,,,,,,,,,,,,,,,,,,,,,,,,,,,,,,,0,,,,,,,,,,,,,,,,,
,CTV-54,,,,,"75"" Crystal UHD DU8000",Crystal UHD 4K DU8000,N,UA75DU8000JXZK,https://www.samsung.com/hk/tvs/uhd-4k-tv/du8000-75-inch-crystal-uhd-4k-tizen-os-smart-tv-ua75du8000jxzk/?R=20250131144038,UA75DU8000JXZK,"12,980","11,980",,,"11,980",Yes,500,500,,,,,,,,,,,Add to Cart,"11,480.00",,,,,,,,,,,,,0,"
",,,,,End of Test,,,,,,,,,,,,,,,,,,,,,,,,,,,,,,,,,,,,,,,,,,,,,,,,,,,,,,,,,,,,,,,,,,,,,,,,,0,,,,,,,,,,,,,,,,,
,PRO,,,,,,,-,,,,0,0,,,0,No,0,0,,,,,,,,,,,,,,,,,,,,,,,,,0,"
",,,,,,,,,,,,,,,,,,,,,,,,,,,,,,,,,,,,,,,,,,,,,,,,,,,,,,,,,,,,,,,,,,,,,,,,,,,,,,0,,,,,,,,,,,,,,,,,
,PRO-01,,,,,The Freestyle 2nd Gen,The Freestyle 2nd Gen.,N,SP-LFF3CLAXXZK,https://www.samsung.com/hk/projectors/the-freestyle/lff3c-the-freestyle-2nd-gen-sp-lff3claxxzk/?R=20250131144038,SP-LFF3CLAXXZK,"6,980","4,980",,,"4,980",Yes,100,100,,,,,,,,,,,Add to Cart,"4,880.00",,Z-VG-FBB3BA,,,,,,,,,,Z-VG-FBB3BA,1,"
●  1 x  Freestyle Battery Base [Z-VG-FBB3BA]
",,,,,End of Test,Guest or Login,●  Home delivery,"1.  Delivey to City=HK, District=Shatin
2.  Select first delivery method and all delivery services
3.  Select delivery date to last date on popup calendar.","2. Verify there is only Home Delivery option
2. Verify there is Recycle option",,,,,,,,,,,,,,,,,,,,,,,,,,,,,,,,,,,,,,,,,,,,,,,,,,,,,,,,,,,,,,,,,,,,,0,,,,,,,,,,,,,,,,,
,PRO-02,,,,,"130"" LPU9D The Premiere 4K Smart Triple Laser Projector (2024)",,N,SP-LPU9DSAXXZK,https://www.samsung.com/hk/projectors/the-premiere/lpu9d-smart-4k-uhd-ultra-short-throw-triple-laser-projector-lpu9d-sp-lpu9dsaxxzk/?R=20250131144038,SP-LPU9DSAXXZK,"59,980","59,980",,,"59,980",No,0,0,,,,,,,,,,,Add to Cart,"59,980.00",,,,,,,,,,,,,0,"
",,,,,End of Test,,,,,,,,,,,,,,,,,,,,,,,,,,,,,,,,,,,,,,,,,,,,,,,,,,,,,,,,,,,,,,,,,,,,,,,,,0,,,,,,,,,,,,,,,,,
,HTS,,,,,,,-,,,,0,0,,,0,No,0,0,,,,,,,,,,,,,,,,,,,,,,,,,0,"
",,,,,,,,,,,,,,,,,,,,,,,,,,,,,,,,,,,,,,,,,,,,,,,,,,,,,,,,,,,,,,,,,,,,,,,,,,,,,,0,,,,,,,,,,,,,,,,,
,HTS-01,,,,,C-Series HW-C450 2.1ch Soundbar,,N,HW-C450/ZK,https://www.samsung.com/hk/audio-devices/soundbar/c450-black-hw-c450-zk/?R=20250131144038,HW-C450/ZK,"1,990","1,990",,,"1,990",No,0,0,,,,,,,,,,,Add to Cart,"1,990.00",,,,,,,,,,,,,0,"
",,,,,End of Test,,,,,,,,,,,,,,,,,,,,,,,,,,,,,,,,,,,,,,,,,,,,,,,,,,,,,,,,,,,,,,,,,,,,,,,,,0,,,,,,,,,,,,,,,,,
,HTS-02,OOS (Blocked),,,,SWA-9100S 無線後置喇叭,,EOL,SWA-9100S/ZK,https://www.samsung.com?modelCode=SWA-9100S/ZK?R=20250131144038,SWA-9100S/ZK,0,990,,,0,No,0,0,,,,,,,,,,,Add to Cart,0.00,,,,,,,,,,,,,0,"
",,,,,End of Test,,,,,,,,,,,,,,,2025-1-21 12-38-10,65,HTS-02,SWA-9100S/ZK,SWA-9100S 無線後置喇叭,,,,,,,,,,,,,,,,,,,,,,,,,,,,,,,,,,,,,,,,,,,,,,,,,,,,,,0,Passed,,OOS (Blocked),40.06,,OOS (Blocked),,,,,,,,,,,
,HTS-03,,,,,SWA-9200S 無線後置喇叭,,N,SWA-9200S/ZK,https://www.samsung.com/hk/audio-accessories/swa-9200s-swa-9200s-zk/?R=20250131144038,SWA-9200S/ZK,"1,090","1,090",,,1090,No,0,0,,,,,,,,,,,Add to Cart,"1,090.00",,,,,,,,,,,,,0,"
",,,,,End of Test,,,,,,,,,,,,,,,,,,,,,,,,,,,,,,,,,,,,,,,,,,,,,,,,,,,,,,,,,,,,,,,,,,,,,,,,,0,,,,,,,,,,,,,,,,,
,HTS-04,,,,,SWA-9500S 無線後置喇叭,,N,SWA-9500S/ZK,https://www.samsung.com/hk/audio-accessories/9500s-swa-9500s-zk/?R=20250131144038,SWA-9500S/ZK,"2,190","2,190",,,2190,No,0,0,,,,,,,,,,,Add to Cart,"2,190.00",,,,,,,,,,,,,0,"
",,,,,End of Test,,,,,,,,,,,,,,,,,,,,,,,,,,,,,,,,,,,,,,,,,,,,,,,,,,,,,,,,,,,,,,,,,,,,,,,,,0,,,,,,,,,,,,,,,,,
,HTS-05,,,,,Q-series Soundbar HW-Q990D,,N,HW-Q990D/ZK,https://www.samsung.com/hk/audio-devices/soundbar/q990d-black-hw-q990d-zk/?R=20250131144038,HW-Q990D/ZK,"9,990","9,990",,,"9,990",Yes,500,500,,,,,,,,,,,Add to Cart,"9,490.00",,Z-ITFITEX32,,,,,,ZG-SOUNDBAR1YRWAREXT,,,,"Z-ITFITEX32,ZG-SOUNDBAR1YRWAREXT",2,"
●  1 x  ITFIT Floor Speaker Stands [Z-ITFITEX32]
●  1 x  Free 1-year Warranty Extension Offer (designated Soundbar models) [ZG-SOUNDBAR1YRWAREXT]
",,,,,End of Test,,,,,,,,,,,,,,,,,,,,,,,,,,,,,,,,,,,,,,,,,,,,,,,,,,,,,,,,,,,,,,,,,,,,,,,,,0,,,,,,,,,,,,,,,,,
,HTS-06,,,,,Q-series Soundbar HW-Q930D,,N,HW-Q930D/ZK,https://www.samsung.com/hk/audio-devices/soundbar/q930d-black-hw-q930d-zk/?R=20250131144038,HW-Q930D/ZK,"7,490","7,490",,,"7,490",Yes,300,300,,,,,,,,,,,Add to Cart,"7,190.00",,Z-ITFITEX32,,,,,,ZG-SOUNDBAR1YRWAREXT,,,,"Z-ITFITEX32,ZG-SOUNDBAR1YRWAREXT",2,"
●  1 x  ITFIT Floor Speaker Stands [Z-ITFITEX32]
●  1 x  Free 1-year Warranty Extension Offer (designated Soundbar models) [ZG-SOUNDBAR1YRWAREXT]
",,,,,End of Test,,,,,,,,,,,,,,,,,,,,,,,,,,,,,,,,,,,,,,,,,,,,,,,,,,,,,,,,,,,,,,,,,,,,,,,,,0,,,,,,,,,,,,,,,,,
,HTS-07,,,,,Q-series Soundbar HW-Q800D,,N,HW-Q800D/ZK,https://www.samsung.com/hk/audio-devices/soundbar/q800d-black-hw-q800d-zk/?R=20250131144038,HW-Q800D/ZK,"4,790","4,790",,,"4,790",No,0,0,,,,,,,,,,,Add to Cart,"4,790.00",,,,,,,,,,,,,0,"
",,,,,End of Test,,,,,,,,,,,,,,,,,,,,,,,,,,,,,,,,,,,,,,,,,,,,,,,,,,,,,,,,,,,,,,,,,,,,,,,,,0,,,,,,,,,,,,,,,,,
,HTS-08,,,,,Q-series Soundbar HW-Q700D,,N,HW-Q700D/ZK,https://www.samsung.com/hk/audio-devices/soundbar/q700d-black-hw-q700d-zk/?R=20250131144038,HW-Q700D/ZK,"3,990","3,990",,,"3,990",Yes,200,200,,,,,,,,,,,Add to Cart,"3,790.00",,,,,,,,,,,,,0,"
",,,,,End of Test,,,,,,,,,,,,,,,,,,,,,,,,,,,,,,,,,,,,,,,,,,,,,,,,,,,,,,,,,,,,,,,,,,,,,,,,,0,,,,,,,,,,,,,,,,,
,HTS-09,,,,,B-Series HW-B550 2.1ch Soundbar,,N,HW-B650D/ZK,https://www.samsung.com/hk/audio-devices/soundbar/b650d-black-hw-b650d-zk/?R=20250131144038,HW-B650D/ZK,"2,090","1,890",,,"1,890",No,0,0,,,,,,,,,,,Add to Cart,"1,890.00",,,,,,,,,,,,,0,"
",,,,,End of Test,,,,,,,,,,,,,,,,,,,,,,,,,,,,,,,,,,,,,,,,,,,,,,,,,,,,,,,,,,,,,,,,,,,,,,,,,0,,,,,,,,,,,,,,,,,
,HTS-10,,,,,S-Series HW-S800D Soundbar,,N,HW-S800D/ZK,https://www.samsung.com/hk/audio-devices/soundbar/s800d-black-hw-s800d-zk/?R=20250131144038,HW-S800D/ZK,"4,890","3,990",,,"3,990",Yes,150,150,,,,,,,,,,,Add to Cart,"3,840.00",,,,,,,,,,,,,0,"
",,,,,End of Test,,,,,,,,,,,,,,,,,,,,,,,,,,,,,,,,,,,,,,,,,,,,,,,,,,,,,,,,,,,,,,,,,,,,,,,,,0,,,,,,,,,,,,,,,,,
,HTS-11,,,,,S-Series HW-S801D Soundbar,,N,HW-S801D/ZK,https://www.samsung.com/hk/audio-devices/soundbar/s801d-white-hw-s801d-zk/?R=20250131144038,HW-S801D/ZK,"4,890","3,990",,,"3,990",Yes,150,150,,,,,,,,,,,Add to Cart,"3,840.00",,,,,,,,,,,,,0,"
",,,,,End of Test,,,,,,,,,,,,,,,,,,,,,,,,,,,,,,,,,,,,,,,,,,,,,,,,,,,,,,,,,,,,,,,,,,,,,,,,,0,,,,,,,,,,,,,,,,,
,HTS-12,,,,,S-Series HW-S700D Soundbar,,N,HW-S700D/ZK,https://www.samsung.com/hk/audio-devices/soundbar/s700d-black-hw-s700d-zk/?R=20250131144038,HW-S700D/ZK,"3,490","2,990",,,"2,990",Yes,100,100,,,,,,,,,,,Add to Cart,"2,890.00",,,,,,,,,,,,,0,"
",,,,,End of Test,,,,,,,,,,,,,,,,,,,,,,,,,,,,,,,,,,,,,,,,,,,,,,,,,,,,,,,,,,,,,,,,,,,,,,,,,0,,,,,,,,,,,,,,,,,
,HTS-13,,,,,S-Series HW-S701D Soundbar,,N,HW-S701D/ZK,https://www.samsung.com/hk/audio-devices/soundbar/s701d-white-hw-s701d-zk/?R=20250131144038,HW-S701D/ZK,"3,490","2,990",,,"2,990",Yes,100,100,,,,,,,,,,,Add to Cart,"2,890.00",,,,,,,,,,,,,0,"
",,,,,End of Test,,,,,,,,,,,,,,,,,,,,,,,,,,,,,,,,,,,,,,,,,,,,,,,,,,,,,,,,,,,,,,,,,,,,,,,,,0,,,,,,,,,,,,,,,,,
,HTS-14,,,,,S-Series HW-S60D Soundbar,,N,HW-S60D/ZK,https://www.samsung.com/hk/audio-devices/soundbar/s60d-black-hw-s60d-zk/?R=20250131144038,HW-S60D/ZK,"2,490","2,490",,,"2,490",Yes,100,100,,,,,,,,,,,Add to Cart,"2,390.00",,,,,,,,,,,,,0,"
",,,,,End of Test,,,,,,,,,,,,,,,,,,,,,,,,,,,,,,,,,,,,,,,,,,,,,,,,,,,,,,,,,,,,,,,,,,,,,,,,,0,,,,,,,,,,,,,,,,,
,HTS-15,,,,,S-Series HW-S61D Soundbar,,N,HW-S61D/ZK,https://www.samsung.com/hk/audio-devices/soundbar/s61d-white-hw-s61d-zk/?R=20250131144038,HW-S61D/ZK,"2,490","2,490",,,"2,490",Yes,100,100,,,,,,,,,,,Add to Cart,"2,390.00",,,,,,,,,,,,,0,"
",,,,,End of Test,,,,,,,,,,,,,,,,,,,,,,,,,,,,,,,,,,,,,,,,,,,,,,,,,,,,,,,,,,,,,,,,,,,,,,,,,0,,,,,,,,,,,,,,,,,
,HTS-16,,,,,S-Series HW-LS60D Music Frame,,N,HW-LS60D/ZK,https://www.samsung.com/hk/audio-devices/music-frame/ls60d-black-hw-ls60d-zk/?R=20250131144038,HW-LS60D/ZK,"3,890","3,680",,,"3,680",Yes,100,100,,,,,,,,,,,Add to Cart,"3,580.00",,,,,,,,,,,,,0,"
",,,,,End of Test,,,,,,,,,,,,,,,,,,,,,,,,,,,,,,,,,,,,,,,,,,,,,,,,,,,,,,,,,,,,,,,,,,,,,,,,,0,,,,,,,,,,,,,,,,,
,MON,,,,,,,-,,,,0,0,,,0,,0,0,,,,,,,,,,,,,,,,,,,,,,,,,0,"
",,,,,,,,,,,,,,,,,,,,,,,,,,,,,,,,,,,,,,,,,,,,,,,,,,,,,,,,,,,,,,,,,,,,,,,,,,,,,,0,,,,,,,,,,,,,,,,,
,MON-01,,,,,"27"" Odyssey G5 Curved Gaming Monitor (165Hz)",,N,LS27CG552ECXXK,https://www.samsung.com/hk/monitors/gaming/odyssey-g5-g55c-27-inch-165hz-curved-qhd-ls27cg552ecxxk/?R=20250131144038,LS27CG552ECXXK,"1,680","1,680",,,1680,No,0,0,,,,,,,,,,,Add to Cart,"1,680.00",,,,,,,,,,,,,0,"
",,,,,End of Test,,,,,,,,,,,,,,,,,,,,,,,,,,,,,,,,,,,,,,,,,,,,,,,,,,,,,,,,,,,,,,,,,,,,,,,,,0,,,,,,,,,,,,,,,,,
,MON-02,,,,,"32"" Odyssey G5 Curved Gaming Monitor (165Hz)",,N,LS32CG552ECXXK,https://www.samsung.com/hk/monitors/gaming/odyssey-g5-g55c-32-inch-165hz-curved-qhd-ls32cg552ecxxk/?R=20250131144038,LS32CG552ECXXK,"2,680","1,980",,,1980,No,0,0,,,,,,,,,,,Add to Cart,"1,980.00",,,,,,,,,,,,,0,"
",,,,,End of Test,,,,,,,,,,,,,,,,,,,,,,,,,,,,,,,,,,,,,,,,,,,,,,,,,,,,,,,,,,,,,,,,,,,,,,,,,0,,,,,,,,,,,,,,,,,
,MON-03,,,,,"57"" Odyssey Neo G9 Curved Gaming Monitor (240Hz)",,N,LS57CG952NCXXK,https://www.samsung.com/hk/monitors/gaming/odyssey-neo-g9-g95nc-57-inch-240hz-curved-dual-uhd-ls57cg952ncxxk/?R=20250131144038,LS57CG952NCXXK,"21,980","21,980",,,21980,Yes,800,800,,,,,,,,,,,Add to Cart,"21,180.00",,,,,,,,,,,,,0,"
",,,,,End of Test,,,,,,,,,,,,,,,,,,,,,,,,,,,,,,,,,,,,,,,,,,,,,,,,,,,,,,,,,,,,,,,,,,,,,,,,,0,,,,,,,,,,,,,,,,,
,MON-04,,,,,"27"" C390 Curved Monitor",,N,LS27C390EACXXK,https://www.samsung.com/hk/monitors/curved/essential-s3-27-inch-curved-fhd-1080p-ls27c390eacxxk/?R=20250131144038,LS27C390EACXXK,"1,780","1,490",,,1490,No,0,0,,,,,,,,,,,Add to Cart,"1,490.00",,,,,,,,,,,,,0,"
",,,,,End of Test,,,,,,,,,,,,,,,,,,,,,,,,,,,,,,,,,,,,,,,,,,,,,,,,,,,,,,,,,,,,,,,,,,,,,,,,,0,,,,,,,,,,,,,,,,,
,MON-05,,,,,"32"" C390 Curved Monitor",,N,LS32C390EACXXK,https://www.samsung.com/hk/monitors/curved/essential-s3-32-inch-curved-fhd-1080p-ls32c390eacxxk/?R=20250131144038,LS32C390EACXXK,"2,080","1,780",,,1780,No,0,0,,,,,,,,,,,Add to Cart,"1,780.00",,,,,,,,,,,,,0,"
",,,,,End of Test,,,,,,,,,,,,,,,,,,,,,,,,,,,,,,,,,,,,,,,,,,,,,,,,,,,,,,,,,,,,,,,,,,,,,,,,,0,,,,,,,,,,,,,,,,,
,MON-06,,,,,"27"" ViewFinity S9 5K Monitor",,N,LS27C900PACXXK,https://www.samsung.com/hk/monitors/high-resolution/viewfinity-s9-27-inch-5k-resolution-ls27c900pacxxk/?R=20250131144038,LS27C900PACXXK,"10,490","10,490",,,10490,Yes,400,400,,,,,,,,,,,Add to Cart,"10,090.00",,,,,,,,,,,,,0,"
",,,,,End of Test,,,,,,,,,,,,,,,,,,,,,,,,,,,,,,,,,,,,,,,,,,,,,,,,,,,,,,,,,,,,,,,,,,,,,,,,,0,,,,,,,,,,,,,,,,,
,MON-07,,,,,"55"" Odyssey Ark 2<sup>nd</sup> Gen Curved Gaming Monitor (165Hz)",,N,LS55CG970NCXXK,https://www.samsung.com/hk/monitors/gaming/odyssey-ark-2nd-gen-g97nc-55-inch-165hz-1ms-curved-uhd-4k-ls55cg970ncxxk/?R=20250131144038,LS55CG970NCXXK,"25,800","25,800",,,25800,Yes,"1,000","1,000",,,,,,,,,,,Add to Cart,"24,800.00",,Z-LS32D706EACXXK-C,,,,,,,,,,Z-LS32D706EACXXK-C,1,"
●  1 x  27"" ViewFinity S7 UHD Monitor [Z-LS32D706EACXXK-C]
",,,,,End of Test,,,,,,,,,,,,,,,,,,,,,,,,,,,,,,,,,,,,,,,,,,,,,,,,,,,,,,,,,,,,,,,,,,,,,,,,,0,,,,,,,,,,,,,,,,,
Jess,MON-08,,,,,34” Odyssey G5 Curved Gaming Monitor (165Hz),,N,LC34G55TWWCXXK,https://www.samsung.com/hk/monitors/gaming/odyssey-g5-34-inch-165hz-curved-ultra-wqhd-lc34g55twwcxxk/?R=20250131144038,LC34G55TWWCXXK,"3,680","2,980",,,2980,No,0,0,,,,,,,,,,,Add to Cart,"2,980.00",,Z-ITFITPW21OCE-C,,,,,,,,,,Z-ITFITPW21OCE-C,1,"
●  1 x  ITFIT 10,000mAh Power Bank [Z-ITFITPW21OCE-C]
",,,,,End of Test,,,,,,,,,,,,,,,,,,,,,,,,,,,,,,,,,,,,,,,,,,,,,,,,,,,,,,,,,,,,,,,,,,,,,,,,,0,,,,,,,,,,,,,,,,,
Jess,MON-09,,,,,"32"" Odyssey G8 OLED Gaming Monitor (240Hz)",,N,LS32DG802SCXXK,https://www.samsung.com/hk/monitors/gaming/odyssey-oled-g8-g80sd-32-inch-240hz-oled-uhd-ls32dg802scxxk/?R=20250131144038,LS32DG802SCXXK,"10,980","10,980",,,"10,980",Yes,400,400,,,,,,,,,,,Add to Cart,"10,580.00",,Z-SM-X210NZA-TV,Z-SM-A3560ZKGT-C,,,,,,,,,"Z-SM-X210NZA-TV,Z-SM-A3560ZKGT-C",2,"
●  1 x  Galaxy Tab A9+ (Wi-Fi) [Z-SM-X210NZA-TV]
●  1 x  Galaxy A35 5G 8GB 256GB Awesome Navy [Z-SM-A3560ZKGT-C]
",,,,,End of Test,,,,,,,,,,,,,,,,,,,,,,,,,,,,,,,,,,,,,,,,,,,,,,,,,,,,,,,,,,,,,,,,,,,,,,,,,0,,,,,,,,,,,,,,,,,
,MON-10,,,,,"27"" Odyssey G6 OLED Gaming Monitor (360Hz)",,N,LS27DG602SCXXK,https://www.samsung.com/hk/monitors/gaming/odyssey-oled-g6-g60sd-27-inch-360hz-oled-qhd-ls27dg602scxxk/?R=20250131144038,LS27DG602SCXXK,"6,980","6,980",,,"6,980",Yes,200,200,,,,,,,,,,,Add to Cart,"6,780.00",,,,,,,,,,,,,0,"
",,,,,End of Test,,,,,,,,,,,,,,,,,,,,,,,,,,,,,,,,,,,,,,,,,,,,,,,,,,,,,,,,,,,,,,,,,,,,,,,,,0,,,,,,,,,,,,,,,,,
,MON-11,,,,,"32"" M8 Smart Monitor (2024)",,N,LS32DM803UCXXK,https://www.samsung.com/hk/monitors/high-resolution/smart-monitor-m8-32-inch-smart-tv-apps-ls32dm803ucxxk/?R=20250131144038,LS32DM803UCXXK,"4,980","4,980",,,"4,980",Yes,150,150,,,,,,,,,,,Add to Cart,"4,830.00",,,,,,,,,,,,,0,"
",,,,,End of Test,,,,,,,,,,,,,,,,,,,,,,,,,,,,,,,,,,,,,,,,,,,,,,,,,,,,,,,,,,,,,,,,,,,,,,,,,0,,,,,,,,,,,,,,,,,
,MON-12,,,,,"32"" M7 Smart Monitor (2024), Black",,N,LS32DM702UCXXK,https://www.samsung.com/hk/monitors/high-resolution/smart-monitor-m7-32-inch-smart-tv-apps-ls32dm702ucxxk/?R=20250131144038,LS32DM702UCXXK,"3,180","3,180",,,"3,180",Yes,100,100,,,,,,,,,,,Add to Cart,"3,080.00",,,,,,,,,,,,,0,"
",,,,,End of Test,,,,,,,,,,,,,,,,,,,,,,,,,,,,,,,,,,,,,,,,,,,,,,,,,,,,,,,,,,,,,,,,,,,,,,,,,0,,,,,,,,,,,,,,,,,
,MON-13,,,,,"32"" M7 Smart Monitor (2024), White",,N,LS32DM703UCXXK,https://www.samsung.com/hk/monitors/high-resolution/smart-monitor-m7-32-inch-smart-tv-apps-ls32dm703ucxxk/?R=20250131144038,LS32DM703UCXXK,"3,180","3,180",,,"3,180",Yes,100,100,,,,,,,,,,,Add to Cart,"3,080.00",,,,,,,,,,,,,0,"
",,,,,End of Test,,,,,,,,,,,,,,,,,,,,,,,,,,,,,,,,,,,,,,,,,,,,,,,,,,,,,,,,,,,,,,,,,,,,,,,,,0,,,,,,,,,,,,,,,,,
,MON-14,,,,,"32"" Odyssey G5 Gaming Monitor (180Hz)",,N,LS32DG502ECXXK,https://www.samsung.com/hk/monitors/gaming/odyssey-g5-g50d-32-inch-180hz-ips-qhd-ls32dg502ecxxk/?R=20250131144038,LS32DG502ECXXK,"3,080","2,680",,,"2,680",Yes,100,100,,,,,,,,,,,Add to Cart,"2,580.00",,,,,,,,,,,,,0,"
",,,,,End of Test,,,,,,,,,,,,,,,,,,,,,,,,,,,,,,,,,,,,,,,,,,,,,,,,,,,,,,,,,,,,,,,,,,,,,,,,,0,,,,,,,,,,,,,,,,,
,MON-15,,,,,"27"" Odyssey G5 Gaming Monitor (180Hz)",,N,LS27DG502ECXXK,https://www.samsung.com/hk/monitors/gaming/odyssey-g5-g50d-27-inch-180hz-ips-qhd-ls27dg502ecxxk/?R=20250131144038,LS27DG502ECXXK,"1,980","1,980",,,"1,980",No,0,0,,,,,,,,,,,Add to Cart,"1,980.00",,,,,,,,,,,,,0,"
",,,,,End of Test,,,,,,,,,,,,,,,,,,,,,,,,,,,,,,,,,,,,,,,,,,,,,,,,,,,,,,,,,,,,,,,,,,,,,,,,,0,,,,,,,,,,,,,,,,,
,MON-16,,,,,"32"" ViewFinity S7 UHD Monitor",,N,LS32D706EACXXK,https://www.samsung.com/hk/monitors/high-resolution/viewfinity-s7-32-inch-uhd-hdr10-easysetupstand-ls32d706eacxxk/?R=20250131144038,LS32D706EACXXK,"2,880","2,580",,,"2,580",No,0,0,,,,,,,,,,,Add to Cart,"2,580.00",,Z-ITFITSD06-C,,,,,,,,,,Z-ITFITSD06-C,1,"
●  1 x  ITFIT Desk Monitor Arm (Black) [Z-ITFITSD06-C]
",,,,,End of Test,,,,,,,,,,,,,,,,,,,,,,,,,,,,,,,,,,,,,,,,,,,,,,,,,,,,,,,,,,,,,,,,,,,,,,,,,0,,,,,,,,,,,,,,,,,
,MON-17,,,,,"27"" ViewFinity S7 UHD Monitor",,N,LS27D706EACXXK,https://www.samsung.com/hk/monitors/high-resolution/viewfinity-s7-27-inch-uhd-hdr10-easysetupstand-ls27d706eacxxk/?R=20250131144038,LS27D706EACXXK,"1,980","1,780",,,"1,780",No,0,0,,,,,,,,,,,Add to Cart,"1,780.00",,Z-ITFITSD06-C,,,,,,,,,,Z-ITFITSD06-C,1,"
●  1 x  ITFIT Desk Monitor Arm (Black) [Z-ITFITSD06-C]
",,,,,End of Test,,,,,,,,,,,,,,,,,,,,,,,,,,,,,,,,,,,,,,,,,,,,,,,,,,,,,,,,,,,,,,,,,,,,,,,,,0,,,,,,,,,,,,,,,,,
,MON-18,,,,,"27"" S33GC Essential Monitor",,N,LS27C330GACXXK,https://www.samsung.com/hk/monitors/flat/essential-monitor-s3-27-inch-fhd-ips-100hz-ls27c330gacxxk/?R=20250131144038,LS27C330GACXXK,"1,280","1,080",,,"1,080",No,0,0,,,,,,,,,,,Add to Cart,"1,080.00",,,,,,,,,,,,,0,"
",,,,,End of Test,,,,,,,,,,,,,,,,,,,,,,,,,,,,,,,,,,,,,,,,,,,,,,,,,,,,,,,,,,,,,,,,,,,,,,,,,0,,,,,,,,,,,,,,,,,
,MON-19,,,,,"24"" S33GC Essential Monitor",,N,LS24C330GACXXK,https://www.samsung.com/hk/monitors/flat/essential-monitor-s3-24-inch-fhd-ips-100hz-ls24c330gacxxk/?R=20250131144038,LS24C330GACXXK,980,890,,,890,No,0,0,,,,,,,,,,,Add to Cart,890.00,,,,,,,,,,,,,0,"
",,,,,End of Test,,,,,,,,,,,,,,,,,,,,,,,,,,,,,,,,,,,,,,,,,,,,,,,,,,,,,,,,,,,,,,,,,,,,,,,,,0,,,,,,,,,,,,,,,,,
,MON-20,,,,,"49"" Odyssey G9 OLED Curved Gaming Monitor (240Hz)",,N,LS49DG952SCXXK,https://www.samsung.com/hk/monitors/gaming/odyssey-oled-g9-49-inch-oled-dual-qhd-ls49dg952scxxk/?R=20250131144038,LS49DG952SCXXK,"16,980","16,980",,,"16,980",Yes,500,500,,,,,,,,,,,Add to Cart,"16,480.00",,,Z-SM-X210NZA-TV,,,,,,,,,Z-SM-X210NZA-TV,1,"
●  1 x  Galaxy Tab A9+ (Wi-Fi) [Z-SM-X210NZA-TV]
",Temp remove Z-STEAMPASS200x3,,,,End of Test,,,,,,,,,,,,,,,,,,,,,,,,,,,,,,,,,,,,,,,,,,,,,,,,,,,,,,,,,,,,,,,,,,,,,,,,,0,,,,,,,,,,,,,,,,,
,MON-21,,,,,"34"" Odyssey G8 OLED Curved Gaming Monitor (175Hz)",,N,LS34DG852SCXXK,https://www.samsung.com/hk/monitors/gaming/odyssey-oled-g8-34-inch-oled-ultra-wqhd-ls34dg852scxxk/?R=20250131144038,LS34DG852SCXXK,"10,980","10,980",,,"10,980",Yes,400,400,,,,,,,,,,,Add to Cart,"10,580.00",,Z-SM-A3560ZKGT-C,,,,,,,,,,Z-SM-A3560ZKGT-C,1,"
●  1 x  Galaxy A35 5G 8GB 256GB Awesome Navy [Z-SM-A3560ZKGT-C]
",Temp remove Z-STEAMPASS200x3,,,,End of Test,,,,,,,,,,,,,,,,,,,,,,,,,,,,,,,,,,,,,,,,,,,,,,,,,,,,,,,,,,,,,,,,,,,,,,,,,0,,,,,,,,,,,,,,,,,
,MON-22,,,,,"49"" ViewFinity S9 S95UC LS49C950UACXXK",,N,LS49C950UACXXK,https://www.samsung.com/hk/monitors/high-resolution/viewfinity-s9-49-inch-dual-qhd-ls49c950uacxxk/?R=20250131144038,LS49C950UACXXK,0,0,,,0,No,0,0,,,,,,,,,,,Add to Cart,0.00,,,,,,,,,,,,,0,"
",,,,,,,,,,,,,,,,,,,,,,,,,,,,,,,,,,,,,,,,,,,,,,,,,,,,,,,,,,,,,,,,,,,,,,,,,,,,,,0,,,,,,,,,,,,,,,,,
,MON-23,,,,,"32"" ViewFinity S8 S80UD UHD Monitor",,N,LS32D804UACXXK,https://www.samsung.com/hk/monitors/high-resolution/viewfinity-s8-32-inch-uhd-usbc-easysetupstand-ls32d804uacxxk/?R=20250131144038,LS32D804UACXXK,0,0,,,0,No,0,0,,,,,,,,,,,Add to Cart,0.00,,,,,,,,,,,,,0,"
",,,,,,,,,,,,,,,,,,,,,,,,,,,,,,,,,,,,,,,,,,,,,,,,,,,,,,,,,,,,,,,,,,,,,,,,,,,,,,0,,,,,,,,,,,,,,,,,
,MON-24,,,,,LS27D804UACXXK,,N,LS27D804UACXXK,https://www.samsung.com/hk/monitors/high-resolution/viewfinity-s8-27-inch-uhd-usbc-easysetupstand-ls27d804uacxxk/?R=20250131144038,LS27D804UACXXK,0,0,,,0,No,0,0,,,,,,,,,,,Add to Cart,0.00,,,,,,,,,,,,,0,"
",,,,,,,,,,,,,,,,,,,,,,,,,,,,,,,,,,,,,,,,,,,,,,,,,,,,,,,,,,,,,,,,,,,,,,,,,,,,,,0,,,,,,,,,,,,,,,,,
,MON-25,,,,,"32"" ViewFinity S6 S60UD QHD Monitor",,N,LS32D606UACXXK,https://www.samsung.com/hk/monitors/high-resolution/viewfinity-s6-32-inch-qhd-100hz-easysetupstand-ls32d606uacxxk/?R=20250131144038,LS32D606UACXXK,0,0,,,0,No,0,0,,,,,,,,,,,Add to Cart,0.00,,,,,,,,,,,,,0,"
",,,,,,,,,,,,,,,,,,,,,,,,,,,,,,,,,,,,,,,,,,,,,,,,,,,,,,,,,,,,,,,,,,,,,,,,,,,,,,0,,,,,,,,,,,,,,,,,
,MON-26,,,,,"27"" ViewFinity S6 S60UD QHD Monitor",,N,LS27D606UACXXK,https://www.samsung.com/hk/monitors/high-resolution/viewfinity-s6-27-inch-qhd-100hz-easysetupstand-ls27d606uacxxk/?R=20250131144038,LS27D606UACXXK,0,0,,,0,No,0,0,,,,,,,,,,,Add to Cart,0.00,,,,,,,,,,,,,0,"
",,,,,,,,,,,,,,,,,,,,,,,,,,,,,,,,,,,,,,,,,,,,,,,,,,,,,,,,,,,,,,,,,,,,,,,,,,,,,,0,,,,,,,,,,,,,,,,,
,MON-27,,,,,"24"" ViewFinity S6 S60UD QHD Monitor",,N,LS24D604UACXXK,https://www.samsung.com/hk/monitors/high-resolution/viewfinity-s6-24-inch-qhd-100hz-easysetupstand-ls24d604uacxxk/?R=20250131144038,LS24D604UACXXK,0,0,,,0,No,0,0,,,,,,,,,,,Add to Cart,0.00,,,,,,,,,,,,,0,"
",,,,,,,,,,,,,,,,,,,,,,,,,,,,,,,,,,,,,,,,,,,,,,,,,,,,,,,,,,,,,,,,,,,,,,,,,,,,,,0,,,,,,,,,,,,,,,,,
,MON-28,,,,,"24"" Odyssey G3 Gaming Monitor (180Hz)",,N,LS24DG302ECXXK,https://www.samsung.com/hk/search/?searchvalue=LS24DG302ECXXK?R=20250131144038,LS24DG302ECXXK,0,"1,280",,,0,No,0,0,,,,,,,,,,,Add to Cart,0.00,,,,,,,,,,,,,0,"
",,,,,,,,,,,,,,,,,,,,,,,,,,,,,,,,,,,,,,,,,,,,,,,,,,,,,,,,,,,,,,,,,,,,,,,,,,,,,,0,,,,,,,,,,,,,,,,,
,REF,,,,,,,-,,,,0,0,,,0,,0,0,,,,,,,,,,,,,,,,,,,,,,,,,0,"
",,,,,,,,,,,,,,,,,,,,,,,,,,,,,,,,,,,,,,,,,,,,,,,,,,,,,,,,,,,,,,,,,,,,,,,,,,,,,,0,,,,,,,,,,,,,,,,,
,REF-01,,,,,RT22M4032S8/SH 2 door Refrigerator 234L Elegant Inox,,N,RT22M4032S8/SH,https://www.samsung.com/hk/refrigerators/top-mount-freezer/234l-elegant-inox-rt22m4032s8-sh/?R=20250131144038,RT22M4032S8/SH,"3,690","3,090",,,3090,No,0,0,,,,,,,,,,,Add to Cart,"3,090.00",,Z-ITAC15-C,,,,,,,,,,Z-ITAC15-C,1,"
●  1 x  BESPOKE AI Portable Stainless Cultery Set [Z-ITAC15-C]
",,,,,End of Test,,,,,,,,,,,,,,,,,,,,,,,,,,,,,,,,,,,,,,,,,,,,,,,,,,,,,,,,,,,,,,,,,,,,,,,,,0,,,,,,,,,,,,,,,,,
,REF-02,,,,,RT22M4033S9/SH 2 door Refrigerator 234L Refined Inox,,N,RT22M4033S9/SH,https://www.samsung.com/hk/refrigerators/top-mount-freezer/234l-refined-inox-rt22m4033s9-sh/?R=20250131144038,RT22M4033S9/SH,"3,840","3,190",,,"3,190",No,0,0,,,,,,,,,,,Add to Cart,"3,190.00",,Z-ITAC15-C,,,,,,,,,,Z-ITAC15-C,1,"
●  1 x  BESPOKE AI Portable Stainless Cultery Set [Z-ITAC15-C]
",,,,,End of Test,,,,,,,,,,,,,,,,,,,,,,,,,,,,,,,,,,,,,,,,,,,,,,,,,,,,,,,,,,,,,,,,,,,,,,,,,0,,,,,,,,,,,,,,,,,
,REF-03,,,,,RT25M4013S8/SH 2 door Refrigerator 255L Elegant Inox,,N,RT25M4013S8/SH,https://www.samsung.com/hk/refrigerators/top-mount-freezer/255l-elegant-inox-rt25m4013s8-sh/?R=20250131144038,RT25M4013S8/SH,"4,040","3,290",,,"3,290",No,0,0,,,,,,,,,,,Add to Cart,"3,290.00",,,,,,,,,,,,,0,"
",,,,,End of Test,,,,,,,,,,,,,,,,,,,,,,,,,,,,,,,,,,,,,,,,,,,,,,,,,,,,,,,,,,,,,,,,,,,,,,,,,0,,,,,,,,,,,,,,,,,
,REF-04,,,,,RT25M4032S8/SH 2 door Refrigerator 255L Elegant Inox,,N,RT25M4032S8/SH,https://www.samsung.com/hk/refrigerators/top-mount-freezer/255l-elegant-inox-rt25m4032s8-sh/?R=20250131144038,RT25M4032S8/SH,"4,040","3,290",,,"3,290",No,0,0,,,,,,,,,,,Add to Cart,"3,290.00",,Z-ITAC15-C,,,,,,,,,,Z-ITAC15-C,1,"
●  1 x  BESPOKE AI Portable Stainless Cultery Set [Z-ITAC15-C]
",,,,,End of Test,,,,,,,,,,,,,,,,,,,,,,,,,,,,,,,,,,,,,,,,,,,,,,,,,,,,,,,,,,,,,,,,,,,,,,,,,0,,,,,,,,,,,,,,,,,
,REF-05,,,,,RT31CG5420S9 SpaceMax™ 2 door Refrigerator 301L,,N,RT31CG5420S9SH,https://www.samsung.com/hk/refrigerators/top-mount-freezer/rt5300c-top-mount-freezer-spacemax-301l-silver-rt31cg5420s9sh/?R=20250131144038,RT31CG5420S9SH,"4,390","3,790",,,"3,790",Yes,50,50,,,,,,,,,,,Add to Cart,"3,740.00",,Z-ITAC15-C,,,,,,,,,,Z-ITAC15-C,1,"
●  1 x  BESPOKE AI Portable Stainless Cultery Set [Z-ITAC15-C]
",,,,,End of Test,,,,,,,,,,,,,,,,,,,,,,,,,,,,,,,,,,,,,,,,,,,,,,,,,,,,,,,,,,,,,,,,,,,,,,,,,0,,,,,,,,,,,,,,,,,
Jess,REF-06,,,,,RB27N4050B1/SH 2 door refrigerator 257L Black Nickel,,N,RB27N4050B1/SH,https://www.samsung.com/hk/refrigerators/bottom-mount-freezer/257l-black-doi-rb27n4050b1-sh/?R=20250131144038,RB27N4050B1/SH,"4,990","3,990",,,"3,990",Yes,50,50,,,,,,,,,,,Add to Cart,"3,940.00",,,,,,,,,,,,,0,"
",,,,,End of Test,,,,,,,,,,,,,,,,,,,,,,,,,,,,,,,,,,,,,,,,,,,,,,,,,,,,,,,,,,,,,,,,,,,,,,,,,0,,,,,,,,,,Z-ITAC15-C,,,,,,,
Jess,REF-07,,,,,RB27N4050S8/SH 2 door refrigerator 257L Sliver,,N,RB27N4050S8/SH,https://www.samsung.com/hk/refrigerators/bottom-mount-freezer/257l-elegant-inox-rb27n4050s8-sh/?R=20250131144038,RB27N4050S8/SH,"4,890","3,890",,,"3,890",Yes,50,50,,,,,,,,,,,Add to Cart,"3,840.00",,,,,,,,,,,,,0,"
",,,,,End of Test,,,,,,,,,,,,,,,,,,,,,,,,,,,,,,,,,,,,,,,,,,,,,,,,,,,,,,,,,,,,,,,,,,,,,,,,,0,,,,,,,,,,Z-ITAC15-C,,,,,,,
Jess,REF-08,,,,,RB29FERNCS9 2 door Refrigerator 286L Sliver,,N,RB29FERNCS9/SH,https://www.samsung.com/hk/refrigerators/bottom-mount-freezer/286l-refined-inox-rb29ferncs9-sh/?R=20250131144038,RB29FERNCS9/SH,"5,240","3,990",,,"3,990",Yes,50,50,,,,,,,,,,,Add to Cart,"3,940.00",,Z-ITAC15-C,,,,,,,,,,Z-ITAC15-C,1,"
●  1 x  BESPOKE AI Portable Stainless Cultery Set [Z-ITAC15-C]
",,,,,End of Test,,,,,,,,,,,,,,,,,,,,,,,,,,,,,,,,,,,,,,,,,,,,,,,,,,,,,,,,,,,,,,,,,,,,,,,,,0,,,,,,,,,,Z-ITAC15-C,,,,,,,
,REF-09,,,,,RB30N4050B1/SH 2 door refrigerator 290L Black Nickel,,N,RB30N4050B1/SH,https://www.samsung.com/hk/refrigerators/bottom-mount-freezer/290l-black-doi-rb30n4050b1-sh/?R=20250131144038,RB30N4050B1/SH,"4,790","4,390",,,"4,390",Yes,50,50,,,,,,,,,,,Add to Cart,"4,340.00",,Z-ITAC15-C,,,,,,,,,,Z-ITAC15-C,1,"
●  1 x  BESPOKE AI Portable Stainless Cultery Set [Z-ITAC15-C]
",,,,,End of Test,,,,,,,,,,,,,,,,,,,,,,,,,,,,,,,,,,,,,,,,,,,,,,,,,,,,,,,,,,,,,,,,,,,,,,,,,0,,,,,,,,,,,,,,,,,
,REF-10,,,,,RB30N4050S8/SH 2 door Refrigerator 290L Sliver,,N,RB30N4050S8/SH,https://www.samsung.com/hk/refrigerators/bottom-mount-freezer/290l-elegant-inox-rb30n4050s8-sh/?R=20250131144038,RB30N4050S8/SH,"4,790","4,290",,,"4,290",Yes,50,50,,,,,,,,,,,Add to Cart,"4,240.00",,Z-ITAC15-C,,,,,,,,,,Z-ITAC15-C,1,"
●  1 x  BESPOKE AI Portable Stainless Cultery Set [Z-ITAC15-C]
",,,,,End of Test,,,,,,,,,,,,,,,,,,,,,,,,,,,,,,,,,,,,,,,,,,,,,,,,,,,,,,,,,,,,,,,,,,,,,,,,,0,,,,,,,,,,,,,,,,,
,REF-11,,,,,RB30N4180B1/SH 2 door Refrigerator 284L Black Nickel,,N,RB30N4180B1/SH,https://www.samsung.com/hk/refrigerators/bottom-mount-freezer/284l-black-doi-rb30n4180b1-sh/?R=20250131144038,RB30N4180B1/SH,"5,480","4,490",,,"4,490",Yes,50,50,,,,,,,,,,,Add to Cart,"4,440.00",,Z-ITAC15-C,,,,,,,,,,Z-ITAC15-C,1,"
●  1 x  BESPOKE AI Portable Stainless Cultery Set [Z-ITAC15-C]
",,,,,End of Test,,,,,,,,,,,,,,,,,,,,,,,,,,,,,,,,,,,,,,,,,,,,,,,,,,,,,,,,,,,,,,,,,,,,,,,,,0,,,,,,,,,,,,,,,,,
,REF-12,,,,,RB33J3200S9 2 Door Refrigerator 328L,,N,RB33J3200S9/SH,https://www.samsung.com/hk/refrigerators/bottom-mount-freezer/328l-refined-inox-rb33j3200s9-sh/?R=20250131144038,RB33J3200S9/SH,"5,580","4,490",,,"4,490",Yes,150,150,,,,,,,,,,,Add to Cart,"4,340.00",,Z-ITAC15-C,,,,,,,,,,Z-ITAC15-C,1,"
●  1 x  BESPOKE AI Portable Stainless Cultery Set [Z-ITAC15-C]
",,,,,End of Test,,,,,,,,,,,,,,,,,,,,,,,,,,,,,,,,,,,,,,,,,,,,,,,,,,,,,,,,,,,,,,,,,,,,,,,,,0,,,,,,,,,,,,,,,,,
,REF-13,,,,,RB33J3200SA 2 door Refrigerator 328L Metal Graphite,,N,RB33J3200SA/SH,https://www.samsung.com/hk/refrigerators/bottom-mount-freezer/328l-metal-graphite-rb33j3200sa-sh/?R=20250131144038,RB33J3200SA/SH,"5,580","4,490",,,"4,490",Yes,150,150,,,,,,,,,,,Add to Cart,"4,340.00",,Z-ITAC15-C,,,,,,,,,,Z-ITAC15-C,1,"
●  1 x  BESPOKE AI Portable Stainless Cultery Set [Z-ITAC15-C]
",,,,,End of Test,,,,,,,,,,,,,,,,,,,,,,,,,,,,,,,,,,,,,,,,,,,,,,,,,,,,,,,,,,,,,,,,,,,,,,,,,0,,,,,,,,,,,,,,,,,
,REF-14,,,,,RB33R8899SR/SH  SpaceMaxᵀᴹ  2 door Refrigerator 328L Sliver,,N,RB33R8899SR/SH,https://www.samsung.com/hk/refrigerators/bottom-mount-freezer/328l-real-stainless-rb33r8899sr-sh/?R=20250131144038,RB33R8899SR/SH,0,"11,190",,,0,No,0,0,,,,,,,,,,,Add to Cart,0.00,,,,,,,,,,,,,0,"
",,,,,End of Test,,,,,,,,,,,,,,,,,,,,,,,,,,,,,,,,,,,,,,,,,,,,,,,,,,,,,,,,,,,,,,,,,,,,,,,,,0,,,,,,,,,,,,,,,,,
Jess,REF-15,,,,,RF48A4000B4 Twin Cooling Plus™ Multi Door Refrigerator 468L,,N,RF48A4000B4/SH,https://www.samsung.com/hk/refrigerators/french-door/rf4000tm-468l-black-rf48a4000b4-sh/?R=20250131144038,RF48A4000B4/SH,"9,880","8,990",,,"8,990",Yes,300,300,,,,,,,,,,,Add to Cart,"8,690.00",,Z-ITAC15-C,Z-FIKAPINK18PAN,,,,,,,,,"Z-ITAC15-C,Z-FIKAPINK18PAN",2,"
●  1 x  BESPOKE AI Portable Stainless Cultery Set [Z-ITAC15-C]
●  1 x  Neoflam FIKA Pink Saucepan 18cm with glass lid (IH) [Z-FIKAPINK18PAN]
",,,,,End of Test,,,,,,,,,,,,,,,,,,,,,,,,,,,,,,,,,,,,,,,,,,,,,,,,,,,,,,,,,,,,,,,,,,,,,,,,,0,,,,,,,,,,Z-ITAC15-C,Z-ITFITEX42,,,,,,
Jess,REF-16,,,,,RS62R5007M9 Side By Side Refrigerators 647L,,N,RS62R5007M9/SH,https://www.samsung.com/hk/refrigerators/side-by-side/rs5000rc-680l-silver-rs62r5007m9-sh/?R=20250131144038,RS62R5007M9/SH,"12,990","10,990",,,"10,990",Yes,400,400,,,,,,,,,,,Add to Cart,"10,590.00",,Z-ITAC15-C,Z-FIKAPINK18PAN,,,,,,,,,"Z-ITAC15-C,Z-FIKAPINK18PAN",2,"
●  1 x  BESPOKE AI Portable Stainless Cultery Set [Z-ITAC15-C]
●  1 x  Neoflam FIKA Pink Saucepan 18cm with glass lid (IH) [Z-FIKAPINK18PAN]
",,,,,End of Test,,,,,,,,,,,,,,,,,,,,,,,,,,,,,,,,,,,,,,,,,,,,,,,,,,,,,,,,,,,,,,,,,,,,,,,,,0,,,,,,,,,,Z-ITAC15-C,Z-ITFITEX42,,,,,,
Jess,REF-17,,,,,RS63R5597B4/SH SpaceMax™ Side by Side Refrigerator 630L Black,,N,RS63R5597B4/SH,https://www.samsung.com/hk/refrigerators/side-by-side/630l-gentle-black-matt-rs63r5597b4-sh/?R=20250131144038,RS63R5597B4/SH,"15,500","13,990",,,"13,990",Yes,400,400,,,,,,,,,,,Add to Cart,"13,590.00",,,,,,,,,,,,,0,"
",,,,,End of Test,,,,,,,,,,,,,,,,,,,,,,,,,,,,,,,,,,,,,,,,,,,,,,,,,,,,,,,,,,,,,,,,,,,,,,,,,0,,,,,,,,,,Z-VS20C852CTN/SH-C,,,,,,,
,REF-18,,,,,RS64R5337B4/SH Side by Side Refrigerator 617L,,N,RS64R5337B4/SH,https://www.samsung.com/hk/refrigerators/side-by-side/617l-gentle-black-matt-rs64r5337b4-sh/?R=20250131144038,RS64R5337B4/SH,"15,900","15,900",,,"15,900",Yes,500,500,,,,,,,,,,,Add to Cart,"15,400.00",,Z-VS20C852CTN/SH-C,,,,,,,,,,Z-VS20C852CTN/SH-C,1,"
●  1 x  VS20C852CTNSH Jet85 Stick VC Woody Green [Z-VS20C852CTN/SH-C]
",,,,,End of Test,,,,,,,,,,,,,,,,,,,,,,,,,,,,,,,,,,,,,,,,,,,,,,,,,,,,,,,,,,,,,,,,,,,,,,,,,0,,,,,,,,,,,,,,,,,
Jess,REF-19,,,,,RB34C675EB1 BESPOKE AI SpaceMax™ Bottom Mount Freezer 340L (Black DOI),,N,RB34C675EB1/SH,https://www.samsung.com/hk/refrigerators/bottom-mount-freezer/bottom-mount-freezer-with-smartthings-ai-energy-mo-340l-black-rb34c675eb1-sh/?R=20250131144038,RB34C675EB1/SH,"7,490","5,980",,,"5,980",Yes,200,200,,,,,,,,,,,Add to Cart,"5,780.00",,Z-ITAC12-C,Z-FIKAPINK18PAN,,,,,,,,,"Z-ITAC12-C,Z-FIKAPINK18PAN",2,"
●  1 x  CE GIFT - BESPOKE Blanket [Z-ITAC12-C]
●  1 x  Neoflam FIKA Pink Saucepan 18cm with glass lid (IH) [Z-FIKAPINK18PAN]
",,,,,,,,,,,,,,,,,,,,,,,,,,,,,,,,,,,,,,,,,,,,,,,,,,,,,,,,,,,,,,,,,,,,,,,,,,,,,,0,,,,,,,,,,Z-ITAC12-C,Z-ITFITEX42,,,,,,
Jess,REF-20,,,,,RB34C675ES9 BESPOKE AI SpaceMax™ Bottom Mount Freezer 340L (Refined Inox),,N,RB34C675ES9/SH,https://www.samsung.com/hk/refrigerators/bottom-mount-freezer/bottom-mount-freezer-with-smartthings-ai-energy-mo-340l-silver-rb34c675es9-sh/?R=20250131144038,RB34C675ES9/SH,"7,290","5,780",,,"5,780",Yes,200,200,,,,,,,,,,,Add to Cart,"5,580.00",,Z-ITAC12-C,Z-FIKAPINK18PAN,,,,,,,,,"Z-ITAC12-C,Z-FIKAPINK18PAN",2,"
●  1 x  CE GIFT - BESPOKE Blanket [Z-ITAC12-C]
●  1 x  Neoflam FIKA Pink Saucepan 18cm with glass lid (IH) [Z-FIKAPINK18PAN]
",,,,,,,,,,,,,,,,,,,,,,,,,,,,,,,,,,,,,,,,,,,,,,,,,,,,,,,,,,,,,,,,,,,,,,,,,,,,,,0,,,,,,,,,,Z-ITAC12-C,Z-ITFITEX42,,,,,,
Jess,REF-21,,,,,BESPOKE AI Stylish Bottom Mount Freezer 340L (Clean White),,N,F-RB34C7B4WW-AI,https://www.samsung.com/hk/refrigerators/bespoke-refrigerators/bespoke-ai-bottom-mount-freezer-340l-clean-white-340l-clean-white-f-rb34c7b4ww-ai/?R=20250131144038,F-RB34C7B4WW-AI,"12,950","10,380",,,"10,380",No,0,0,,,,,,,,,,,Add to Cart,"10,380.00",,RB34C7B4EAP/SH,RA-B23EUU12GM,RA-B23EBB12GM,Z-ITAC15-C,Z-ITAC12-C,Z-FIKAPINK18PAN,,,,,"RB34C7B4EAP/SH,RA-B23EUU12GM,RA-B23EBB12GM,Z-ITAC15-C,Z-ITAC12-C,Z-FIKAPINK18PAN",6,"
●  1 x  BESPOKE AI Stylish Bottom Mount Freezer 340L [RB34C7B4EAP/SH]
●  1 x  BESPOKE Top Glass Panel (Clean White) [RA-B23EUU12GM]
●  1 x  BESPOKE Bottom Glass Panel (Clean White) [RA-B23EBB12GM]
●  1 x  BESPOKE AI Portable Stainless Cultery Set [Z-ITAC15-C]
●  1 x  CE GIFT - BESPOKE Blanket [Z-ITAC12-C]
●  1 x  Neoflam FIKA Pink Saucepan 18cm with glass lid (IH) [Z-FIKAPINK18PAN]
",,,,,,,,,,,,,,,,,,,,,,,,,,,,,,,,,,,,,,,,,,,,,,,,,,,,,,,,,,,,,,,,,,,,,,,,,,,,,,0,,,,,,,,,,RB34C7B4EAP/SH,RA-B23EUU12GM,RA-B23EBB12GM,Z-ITAC15-C,Z-ITAC12-C,Z-ITFITEX42,,
,WASH,,,,,,,-,,,,0,0,,,0,No,0,0,,,,,,,,,,,,,,,,,,,,,,,,,0,"
",,,,,,,,,,,,,,,,,,,,,,,,,,,,,,,,,,,,,,,,,,,,,,,,,,,,,,,,,,,,,,,,,,,,,,,,,,,,,,0,,,,,,,,,,,,,,,,,
,FAB-01,,,,,AI AirDresser with JetSteam Refresh & Sanitize Cycle,,N,DF60A8500CG/SH,https://www.samsung.com/hk/washers-and-dryers/airdresser/df8000nm-silver-mirror-df60a8500cg-sh/?R=20250131144038,DF60A8500CG/SH,"14,990","10,380",,,"10,380",Yes,300,300,,,,,,,,,,,Add to Cart,"10,080.00",,Z-DF-HK,,,,,,,,,,Z-DF-HK,1,"
●  1 x  AirDresser Regular Hanger Kit (hand 3 shirts) [Z-DF-HK]
",,,,,End of Test,,,,,,,,,,,,,,,,,,,,,,,,,,,,,,,,,,,,,,,,,,,,,,,,,,,,,,,,,,,,,,,,,,,,,,,,,0,,,,,,,,,,,,,,,,,
,WM-01,,,,,WA70M4000<br>Top Loader Without Drain Pump 7kg White,,N,WA70M4000SW/SH,https://www.samsung.com/hk/washers-and-dryers/washing-machines/top-load-7kg-white-wa70m4000sw-sh/?R=20250131144038,WA70M4000SW/SH,"3,090","2,290",,,"2,290",No,0,0,,,,,,,,,,,Add to Cart,"2,290.00",,Z-ITAC15-C,,,,,,,,,,Z-ITAC15-C,1,"
●  1 x  BESPOKE AI Portable Stainless Cultery Set [Z-ITAC15-C]
",,,,,End of Test,,,,,,,,,,,,,,,,,,,,,,,,,,,,,,,,,,,,,,,,,,,,,,,,,,,,,,,,,,,,,,,,,,,,,,,,,0,,,,,,,,,,,,,,,,,
,WM-02,,,,,WA70M4200 Top Loader With Drain Pump 7kg White,,N,WA70M4200SW/SH,https://www.samsung.com/hk/washers-and-dryers/washing-machines/top-load-7kg-white-wa70m4200sw-sh/?R=20250131144038,WA70M4200SW/SH,"3,290","2,490",,,"2,490",No,0,0,,,,,,,,,,,Add to Cart,"2,490.00",,Z-ITAC15-C,,,,,,,,,,Z-ITAC15-C,1,"
●  1 x  BESPOKE AI Portable Stainless Cultery Set [Z-ITAC15-C]
",,,,,End of Test,,,,,,,,,,,,,,,,,,,,,,,,,,,,,,,,,,,,,,,,,,,,,,,,,,,,,,,,,,,,,,,,,,,,,,,,,0,,,,,,,,,,,,,,,,,
,WM-03,,,,,WA70M4400 Top Loader With Drain Pump 7kg Inox ,,N,WA70M4400SS/SH,https://www.samsung.com/hk/washers-and-dryers/washing-machines/top-load-7kg-silver-wa70m4400ss-sh/?R=20250131144038,WA70M4400SS/SH,"3,390","2,590",,,"2,590",No,0,0,,,,,,,,,,,Add to Cart,"2,590.00",,Z-ITAC15-C,,,,,,,,,,Z-ITAC15-C,1,"
●  1 x  BESPOKE AI Portable Stainless Cultery Set [Z-ITAC15-C]
",,,,,End of Test,,,,,,,,,,,,,,,,,,,,,,,,,,,,,,,,,,,,,,,,,,,,,,,,,,,,,,,,,,,,,,,,,,,,,,,,,0,,,,,,,,,,,,,,,,,
,WM-04,,,,,WA80CG4545BDSH Ecobubble™ Top Loader without Drain Pump 8kg Versailles Gary,,N,WA80CG4545BDSH,https://www.samsung.com/hk/washers-and-dryers/washing-machines/wa4000c-top-load-ecobubble-digital-inverter-technology-super-speed-8kg-dark-gray-wa80cg4545bdsh/?R=20250131144038,WA80CG4545BDSH,"3,590","2,790",,,"2,790",Yes,50,50,,,,,,,,,,,Add to Cart,"2,740.00",,Z-ITFITAC05NY,,,,,,,,,,Z-ITFITAC05NY,1,"
●  1 x  ITFIT Multi-functional Laundry Basket (Navy) [Z-ITFITAC05NY]
",,,,,End of Test,,,,,,,,,,,,,,,,,,,,,,,,,,,,,,,,,,,,,,,,,,,,,,,,,,,,,,,,,,,,,,,,,,,,,,,,,0,,,,,,,,,,,,,,,,,
,WM-05,,,,,WA80C14545BVSH Ecobubble™ Top Loader with Drain Pump 8kg Black Caviar,,N,WA80C14545BVSH,https://www.samsung.com/hk/washers-and-dryers/washing-machines/wa4000c-top-load-ecobubble-digital-inverter-technology-super-speed-8kg-black-caviar-matt-wa80c14545bvsh/?R=20250131144038,WA80C14545BVSH,"3,990","2,790",,,"2,790",Yes,50,50,,,,,,,,,,,Add to Cart,"2,740.00",,Z-ITFITAC05NY,,,,,,,,,,Z-ITFITAC05NY,1,"
●  1 x  ITFIT Multi-functional Laundry Basket (Navy) [Z-ITFITAC05NY]
",,,,,End of Test,,,,,,,,,,,,,,,,,,,,,,,,,,,,,,,,,,,,,,,,,,,,,,,,,,,,,,,,,,,,,,,,,,,,,,,,,0,,,,,,,,,,,,,,,,,
,WM-06,,,,,WA10CG4545BDSH Ecobubble™ Top Loader without Drain Pump 10kg Versailles Gary,,N,WA10CG4545BDSH,https://www.samsung.com/hk/washers-and-dryers/washing-machines/wa4000c-top-load-ecobubble-digital-inverter-technology-super-speed-10kg-dark-gray-wa10cg4545bdsh/?R=20250131144038,WA10CG4545BDSH,"4,090","3,390",,,"3,390",Yes,50,50,,,,,,,,,,,Add to Cart,"3,340.00",,Z-ITFITAC05NY,,,,,,,,,,Z-ITFITAC05NY,1,"
●  1 x  ITFIT Multi-functional Laundry Basket (Navy) [Z-ITFITAC05NY]
",,,,,End of Test,,,,,,,,,,,,,,,,,,,,,,,,,,,,,,,,,,,,,,,,,,,,,,,,,,,,,,,,,,,,,,,,,,,,,,,,,0,,,,,,,,,,,,,,,,,
,WM-07,,,,,WA10C14545BVSH Ecobubble™ Top Loader with Drain Pump 10kg Black Caviar,,N,WA10C14545BVSH,https://www.samsung.com/hk/washers-and-dryers/washing-machines/wa4000c-top-load-ecobubble-digital-inverter-technology-super-speed-10kg-black-caviar-matt-wa10c14545bvsh/?R=20250131144038,WA10C14545BVSH,"4,490","3,390",,,"3,390",Yes,50,50,,,,,,,,,,,Add to Cart,"3,340.00",,Z-ITFITAC05NY,,,,,,,,,,Z-ITFITAC05NY,1,"
●  1 x  ITFIT Multi-functional Laundry Basket (Navy) [Z-ITFITAC05NY]
",,,,,End of Test,,,,,,,,,,,,,,,,,,,,,,,,,,,,,,,,,,,,,,,,,,,,,,,,,,,,,,,,,,,,,,,,,,,,,,,,,0,,,,,,,,,,,,,,,,,
,WM-08,,,,,"WD10T754DBH AI Ecobubble™ AI Control Front Load Washing Machine + Dryer Combo 10.5/7kg, 1400rpm",,EOL,WD10T754DBH/SH,https://www.samsung.com/hk/washers-and-dryers/washing-machines/wd7500t-front-loading-eco-bubble-quickdrive-ai-control-10-5kg-white-wd10t754dbh-sh/?R=20250131144038,WD10T754DBH/SH,"7,990","5,390",,,"5,390",Yes,150,150,,,,,,,,,,,Add to Cart,"5,240.00",,Z-ITAC15-C,Z-ITFITAC05NY,Z-FIKAPINK18PAN,,,,,,,,"Z-ITAC15-C,Z-ITFITAC05NY,Z-FIKAPINK18PAN",3,"
●  1 x  BESPOKE AI Portable Stainless Cultery Set [Z-ITAC15-C]
●  1 x  ITFIT Multi-functional Laundry Basket (Navy) [Z-ITFITAC05NY]
●  1 x  Neoflam FIKA Pink Saucepan 18cm with glass lid (IH) [Z-FIKAPINK18PAN]
",,,,,End of Test,,,,,,,,,,,,,,,,,,,,,,,,,,,,,,,,,,,,,,,,,,,,,,,,,,,,,,,,,,,,,,,,,,,,,,,,,0,,,,,,,,,,Z-ITAC15-C,Z-ITFITAC05NY,Z-ITFITEX42,,,,,
,WM-09,,,,,"WD70TA046BE/SH Hygiene Steam Front Load Washer + Dryer Combo 7/5kg, 1400rpm",,N,WD70TA046BE/SH,https://www.samsung.com/hk/washers-and-dryers/washer-dryer-combo/wd5000t-front-loading-air-wash-drum-clean-bubble-soak-7kg-plus-5kg-white-wd70ta046be-sh/?R=20250131144038,WD70TA046BE/SH,"6,090","4,290",,,"4,290",Yes,100,100,,,,,,,,,,,Add to Cart,"4,190.00",,Z-ITFITAC05NY,,,,,,,,,,Z-ITFITAC05NY,1,"
●  1 x  ITFIT Multi-functional Laundry Basket (Navy) [Z-ITFITAC05NY]
",,,,,End of Test,,,,,,,,,,,,,,,,,,,,,,,,,,,,,,,,,,,,,,,,,,,,,,,,,,,,,,,,,,,,,,,,,,,,,,,,,0,,,,,,,,,,,,,,,,,
,WM-10,,,,,"WD70T4046CH Hygiene Steam Front Load Washer + Dryer Combo 7/5kg, 1400rpm",,N,WD70T4046CH/SH,https://www.samsung.com/hk/washers-and-dryers/washing-machines/wd4000t-front-loading-air-wash-drum-clean-bubble-soak-7kg-white-wd70t4046ch-sh/?R=20250131144038,WD70T4046CH/SH,"4,690","4,290",,,"4,290",Yes,100,100,,,,,,,,,,,Add to Cart,"4,190.00",,Z-ITFITAC05NY,,,,,,,,,,Z-ITFITAC05NY,1,"
●  1 x  ITFIT Multi-functional Laundry Basket (Navy) [Z-ITFITAC05NY]
",,,,,End of Test,,,,,,,,,,,,,,,,,,,,,,,,,,,,,,,,,,,,,,,,,,,,,,,,,,,,,,,,,,,,,,,,,,,,,,,,,0,,,,,,,,,,,,,,,,,
Sola,WM-11,,,,,"WD80T654DBE AI Ecobubble™ AI Control Front Load Washing Machine + Dryer Combo 8/6kg, 1400rpm",,N,WD80T654DBE/SH,https://www.samsung.com/hk/washers-and-dryers/washing-machines/wd6500t-front-loading-ai-control-air-wash-bubble-soak-8kg-white-wd80t654dbe-sh/?R=20250131144038,WD80T654DBE/SH,"7,590","4,990",,,"4,990",Yes,100,100,,,,,,,,,,,Add to Cart,"4,890.00",,Z-ITAC15-C,Z-ITFITAC05NY,Z-FIKAPINK18PAN,,,,,,,,"Z-ITAC15-C,Z-ITFITAC05NY,Z-FIKAPINK18PAN",3,"
●  1 x  BESPOKE AI Portable Stainless Cultery Set [Z-ITAC15-C]
●  1 x  ITFIT Multi-functional Laundry Basket (Navy) [Z-ITFITAC05NY]
●  1 x  Neoflam FIKA Pink Saucepan 18cm with glass lid (IH) [Z-FIKAPINK18PAN]
",,,,,End of Test,,,,,,,,,,,,,,,,,,,,,,,,,,,,,,,,,,,,,,,,,,,,,,,,,,,,,,,,,,,,,,,,,,,,,,,,,0,,,,,,,,,,Z-ITFITAC05NY,Z-ITFITEX42,,,,,,
,WM-12,,,,,"WD80TA546BH AddWash™ Front Load Washing Machine + Dryer Combo 8/6kg, 1400rpm",,N,WD80TA546BH/SH,https://www.samsung.com/hk/washers-and-dryers/washing-machines/wd5300t-8kg-white-wd80ta546bh-sh/?R=20250131144038,WD80TA546BH/SH,"5,790","4,990",,,"4,990",Yes,100,100,,,,,,,,,,,Add to Cart,"4,890.00",,Z-ITFITAC05NY,,,,,,,,,,Z-ITFITAC05NY,1,"
●  1 x  ITFIT Multi-functional Laundry Basket (Navy) [Z-ITFITAC05NY]
",,,,,End of Test,,,,,,,,,,,,,,,,,,,,,,,,,,,,,,,,,,,,,,,,,,,,,,,,,,,,,,,,,,,,,,,,,,,,,,,,,0,,,,,,,,,,,,,,,,,
,WM-13,,,,,"WW70T3020BW/SH Slim440 Digital Inverter Front Load Washing Machine 7kg, 1200rpm",,N,WW70T3020BW/SH,https://www.samsung.com/hk/washers-and-dryers/washing-machines/ww3000tm-digital-inverter-technology-5-0-7kg-white-ww70t3020bw-sh/?R=20250131144038,WW70T3020BW/SH,"4,890","3,390",,,"3,390",Yes,50,50,,,,,,,,,,,Add to Cart,"3,340.00",,Z-ITAC15-C,,,,,,,,,,Z-ITAC15-C,1,"
●  1 x  BESPOKE AI Portable Stainless Cultery Set [Z-ITAC15-C]
",,,,,End of Test,,,,,,,,,,,,,,,,,,,,,,,,,,,,,,,,,,,,,,,,,,,,,,,,,,,,,,,,,,,,,,,,,,,,,,,,,0,,,,,,,,,,,,,,,,,
,WM-14,,,,,"WW70T3020BS/SH Slim440 Digital Inverter Front Load Washing Machine 7kg, 1200rpm",,N,WW70T3020BS/SH,https://www.samsung.com/hk/washers-and-dryers/washing-machines/ww3000tm-front-loading-quick-wash-drum-clean-delay-end-7kg-silver-ww70t3020bs-sh/?R=20250131144038,WW70T3020BS/SH,"5,090","3,490",,,"3,490",Yes,50,50,,,,,,,,,,,Add to Cart,"3,440.00",,Z-ITAC15-C,,,,,,,,,,Z-ITAC15-C,1,"
●  1 x  BESPOKE AI Portable Stainless Cultery Set [Z-ITAC15-C]
",,,,,End of Test,,,,,,,,,,,,,,,,,,,,,,,,,,,,,,,,,,,,,,,,,,,,,,,,,,,,,,,,,,,,,,,,,,,,,,,,,0,,,,,,,,,,,,,,,,,
,WM-15,,,,,"WW80T3040BW/SH Slim465 Digital Inverter Front Load Washing Machine 8kg, 1400rpm",,N,WW80T3040BW/SH,https://www.samsung.com/hk/washers-and-dryers/washing-machines/ww3000tm-digital-inverter-technology-5-0-8kg-white-ww80t3040bw-sh/?R=20250131144038,WW80T3040BW/SH,"5,190","3,790",,,"3,790",Yes,50,50,,,,,,,,,,,Add to Cart,"3,740.00",,Z-ITAC15-C,,,,,,,,,,Z-ITAC15-C,1,"
●  1 x  BESPOKE AI Portable Stainless Cultery Set [Z-ITAC15-C]
",,,,,End of Test,,,,,,,,,,,,,,,,,,,,,,,,,,,,,,,,,,,,,,,,,,,,,,,,,,,,,,,,,,,,,,,,,,,,,,,,,0,,,,,,,,,,,,,,,,,
,WM-16,,,,,"WW80T3040BS/SH Slim465 Digital Inverter Front Load Washing Machine 8kg, 1400rpm",,N,WW80T3040BS/SH,https://www.samsung.com/hk/washers-and-dryers/washing-machines/ww3000tm-front-loading-quick-wash-drum-clean-delay-end-8kg-silver-ww80t3040bs-sh/?R=20250131144038,WW80T3040BS/SH,"5,390","3,890",,,"3,890",Yes,50,50,,,,,,,,,,,Add to Cart,"3,840.00",,Z-ITAC15-C,,,,,,,,,,Z-ITAC15-C,1,"
●  1 x  BESPOKE AI Portable Stainless Cultery Set [Z-ITAC15-C]
",,,,,End of Test,,,,,,,,,,,,,,,,,,,,,,,,,,,,,,,,,,,,,,,,,,,,,,,,,,,,,,,,,,,,,,,,,,,,,,,,,0,,,,,,,,,,,,,,,,,
Sola,WM-18,,,,,"WW90T654DLE AI Ecobubble™ AI Control Front Load Washing Machine 9kg, 1400rpm",,N,WW90T654DLE/SH,https://www.samsung.com/hk/washers-and-dryers/washing-machines/ww6500t-front-loading-eco-bubble-ai-control-add-wash-9kg-white-ww90t654dle-sh/?R=20250131144038,WW90T654DLE/SH,"5,190","4,390",,,"4,390",Yes,100,100,,,,,,,,,,,Add to Cart,"4,290.00",,Z-ITAC15-C,Z-ITFITAC05NY,Z-FIKAPINK18PAN,,,,,,,,"Z-ITAC15-C,Z-ITFITAC05NY,Z-FIKAPINK18PAN",3,"
●  1 x  BESPOKE AI Portable Stainless Cultery Set [Z-ITAC15-C]
●  1 x  ITFIT Multi-functional Laundry Basket (Navy) [Z-ITFITAC05NY]
●  1 x  Neoflam FIKA Pink Saucepan 18cm with glass lid (IH) [Z-FIKAPINK18PAN]
",,,,,End of Test,,,,,,,,,,,,,,,,,,,,,,,,,,,,,,,,,,,,,,,,,,,,,,,,,,,,,,,,,,,,,,,,,,,,,,,,,0,,,,,,,,,,Z-ITFITAC05NY,Z-ITFITEX42,,,,,,
,WM-19,,,,,"WW70AG5S21CESH Slim Ecobubble™ Front Load Washing Machine 7kg, 1200rpm",,N,WW70AG5S21CESH,https://www.samsung.com/hk/washers-and-dryers/washing-machines/ww5100a-front-loading-ecobubble-super-speed-aquaprotect-7kg-white-ww70ag5s21cesh/?R=20250131144038,WW70AG5S21CESH,"5,090","3,590",,,"3,590",Yes,50,50,,,,,,,,,,,Add to Cart,"3,540.00",,Z-ITFITAC05NY,,,,,,,,,,Z-ITFITAC05NY,1,"
●  1 x  ITFIT Multi-functional Laundry Basket (Navy) [Z-ITFITAC05NY]
",,,,,End of Test,,,,,,,,,,,,,,,,,,,,,,,,,,,,,,,,,,,,,,,,,,,,,,,,,,,,,,,,,,,,,,,,,,,,,,,,,0,,,,,,,,,,,,,,,,,
,WM-20,,,,,"WW70AG5S21CXSH Slim Ecobubble™ Front Load Washing Machine 7kg, 1200rpm",,N,WW70AG5S21CXSH,https://www.samsung.com/hk/washers-and-dryers/washing-machines/ww5100a-front-loading-ecobubble-super-speed-aquaprotect-7kg-refined-inox-ww70ag5s21cxsh/?R=20250131144038,WW70AG5S21CXSH,"5,190","3,690",,,"3,690",Yes,50,50,,,,,,,,,,,Add to Cart,"3,640.00",,Z-ITFITAC05NY,,,,,,,,,,Z-ITFITAC05NY,1,"
●  1 x  ITFIT Multi-functional Laundry Basket (Navy) [Z-ITFITAC05NY]
",,,,,End of Test,,,,,,,,,,,,,,,,,,,,,,,,,,,,,,,,,,,,,,,,,,,,,,,,,,,,,,,,,,,,,,,,,,,,,,,,,0,,,,,,,,,,,,,,,,,
Sola,WM-21,,,,,"WW80AG6L28BXSH Slim AI Ecobubble™ AI Control Front Load Washing Machine 8kg, 1200 rpm",,N,WW80AG6L28BXSH,https://www.samsung.com/hk/washers-and-dryers/washing-machines/ww6100a-front-loading-eco-bubble-ai-control-lagest-capacity-8kg-gray-ww80ag6l28bxsh/?R=20250131144038,WW80AG6L28BXSH,"5,790","4,390",,,"4,390",Yes,100,100,,,,,,,,,,,Add to Cart,"4,290.00",,Z-ITAC15-C,Z-ITFITAC05NY,Z-FIKAPINK18PAN,,,,,,,,"Z-ITAC15-C,Z-ITFITAC05NY,Z-FIKAPINK18PAN",3,"
●  1 x  BESPOKE AI Portable Stainless Cultery Set [Z-ITAC15-C]
●  1 x  ITFIT Multi-functional Laundry Basket (Navy) [Z-ITFITAC05NY]
●  1 x  Neoflam FIKA Pink Saucepan 18cm with glass lid (IH) [Z-FIKAPINK18PAN]
",,,,,End of Test,,,,,,,,,,,,,,,,,,,,,,,,,,,,,,,,,,,,,,,,,,,,,,,,,,,,,,,,,,,,,,,,,,,,,,,,,0,,,,,,,,,,Z-ITFITAC05NY,Z-ITFITEX42,,,,,,
,WM-22,,,,,"WW80AGAS21AESH Slim Ecobubble™ Front Load Washing Machine 8kg, 1200rpm",,N,WW80AGAS21AESH,https://www.samsung.com/hk/washers-and-dryers/washing-machines/ww5100a-front-loading-ecobubble-super-speed-aquaprotect-8kg-white-ww80agas21aesh/?R=20250131144038,WW80AGAS21AESH,"5,590","3,990",,,"3,990",Yes,50,50,,,,,,,,,,,Add to Cart,"3,940.00",,Z-ITFITAC05NY,,,,,,,,,,Z-ITFITAC05NY,1,"
●  1 x  ITFIT Multi-functional Laundry Basket (Navy) [Z-ITFITAC05NY]
",,,,,End of Test,,,,,,,,,,,,,,,,,,,,,,,,,,,,,,,,,,,,,,,,,,,,,,,,,,,,,,,,,,,,,,,,,,,,,,,,,0,,,,,,,,,,,,,,,,,
,WM-23,,,,,"WW80AGAS21AXSH Slim Ecobubble™ Front Load Washing Machine 8kg, 1200rpm",,N,WW80AGAS21AXSH,https://www.samsung.com/hk/washers-and-dryers/washing-machines/ww5100a-front-loading-ecobubble-super-speed-aquaprotect-8kg-refined-inox-ww80agas21axsh/?R=20250131144038,WW80AGAS21AXSH,"5,290","4,090",,,"4,090",Yes,50,50,,,,,,,,,,,Add to Cart,"4,040.00",,Z-ITFITAC05NY,,,,,,,,,,Z-ITFITAC05NY,1,"
●  1 x  ITFIT Multi-functional Laundry Basket (Navy) [Z-ITFITAC05NY]
",,,,,End of Test,,,,,,,,,,,,,,,,,,,,,,,,,,,,,,,,,,,,,,,,,,,,,,,,,,,,,,,,,,,,,,,,,,,,,,,,,0,,,,,,,,,,,,,,,,,
Sola,WM-24,,,,,"WD12DBLB84GDSH AI Wash Front Load Washer + Dryer Combo 12/7kg, 1400rpm",,N,WD12DBLB84GDSH,https://www.samsung.com/hk/washers-and-dryers/washer-dryer-combo/wd7400d-combo-spacemax-ai-wash-smartthings-ai-energy-mode-12kg-plus-7kg-silver-wd12dblb84gdsh/?R=20250131144038,WD12DBLB84GDSH,"8,099","6,490",,,"6,490",No,0,0,,,,,,,,,,,Add to Cart,"6,490.00",,Z-ITAC15-C,Z-ITFITAC05NY,Z-ITAC12-C,Z-FIKAPINK18PAN,,,,,,,"Z-ITAC15-C,Z-ITFITAC05NY,Z-ITAC12-C,Z-FIKAPINK18PAN",4,"
●  1 x  BESPOKE AI Portable Stainless Cultery Set [Z-ITAC15-C]
●  1 x  ITFIT Multi-functional Laundry Basket (Navy) [Z-ITFITAC05NY]
●  1 x  CE GIFT - BESPOKE Blanket [Z-ITAC12-C]
●  1 x  Neoflam FIKA Pink Saucepan 18cm with glass lid (IH) [Z-FIKAPINK18PAN]
",,,,,,,,,,,,,,,,,,,,,,,,,,,,,,,,,,,,,,,,,,,,,,,,,,,,,,,,,,,,,,,,,,,,,,,,,,,,,,0,,,,,,,,,,Z-ITFITAC05NY,Z-ITAC12-C,Z-ITFITEX42,,,,,
,VC,,,,,,,-,,,,0,0,,,0,No,0,0,,,,,,,,,,,,,,,,,,,,,,,,,0,"
",,,,,,,,,,,,,,,,,,,,,,,,,,,,,,,,,,,,,,,,,,,,,,,,,,,,,,,,,,,,,,,,,,,,,,,,,,,,,,0,,,,,,,,,,,,,,,,,
,VC-01,,,,,Samsung Jet 75 Battery VCA-SBT90,,N,VCA-SBT90,https://www.samsung.com/hk/home-appliance-accessories/vacuum-cleaner-battery-vca-sbt90/?R=20250131144038,VCA-SBT90,0,"1,325",,,0,No,0,0,,,,,,,,,,,Add to Cart,0.00,,,,,,,,,,,,,0,"
",,,,,End of Test,,,,,,,,,,,,,,,,,,,,,,,,,,,,,,,,,,,,,,,,,,,,,,,,,,,,,,,,,,,,,,,,,,,,,,,,,0,,,,,,,,,,,,,,,,,
Sola,VC-02,,,,,VS20B95993BSH Bespoke Jet Plus 210W  Midnight Blue,,N,VS20B95993B/SH,https://www.samsung.com/hk/vacuum-cleaners/stick/bespoke-jet-plus-210w-all-in-one-clean-station-mid-blue-vs20b95993b-sh/?R=20250131144038,VS20B95993B/SH,"8,990","6,990",,,"6,990",Yes,250,250,,,,,,,,,,,Add to Cart,"6,740.00",,Z-VCA-SPW95/VT,Z-VCA-SPA95/GL,Z-VCA-ADB952,,,,,,,,"Z-VCA-SPW95/VT,Z-VCA-SPA95/GL,Z-VCA-ADB952",3,"
●  1 x  BESPOKE Jet™ Sweeper Microfiber Pads (4ea) [Z-VCA-SPW95/VT]
●  1 x  BESPOKE Jet™ Sweeper Disposable Wet Pads [Z-VCA-SPA95/GL]
●  1 x  BESPOKE Jet™ Clean Station Antibacterial Dust Bag (5ea) [Z-VCA-ADB952]
",,,,,End of Test,,,,,,,,,,,,,,,,,,,,,,,,,,,,,,,,,,,,,,,,,,,,,,,,,,,,,,,,,,,,,,,,,,,,,,,,,0,,,,,,,,,,Z-VCA-ADB952,,,,,,,
,VC-03,,,,,VS20B958F3NSP Bespoke Jet Plus 210W Woody Green,,N,VS20B958F3N/SP,https://www.samsung.com/hk/vacuum-cleaners/stick/bespoke-jet-plus-210w-all-in-one-clean-station-mid-green-vs20b958f3n-sp/?R=20250131144038,VS20B958F3N/SP,"6,990","5,590",,,"5,590",Yes,200,200,,,,,,,,,,,Add to Cart,"5,390.00",,Z-VCA-ADB952,Z-VCA-TABA95,Z-VCA-SAPA95/VEU,,,,,,,,"Z-VCA-ADB952,Z-VCA-TABA95,Z-VCA-SAPA95/VEU",3,"
●  1 x  BESPOKE Jet™ Clean Station Antibacterial Dust Bag (5ea) [Z-VCA-ADB952]
●  1 x  BESPOKE Jet Jet Dual Brush [Z-VCA-TABA95]
●  1 x  BESPOKE Jet™ Battery Pack (25.2V) [Z-VCA-SAPA95/VEU]
",,,,,End of Test,,,,,,,,,,,,,,,,,,,,,,,,,,,,,,,,,,,,,,,,,,,,,,,,,,,,,,,,,,,,,,,,,,,,,,,,,0,,,,,,,,,,,,,,,,,
,VC-04,,,,,VS20B95843WSH Bespoke Jet Plus 210W Misty White,,N,VS20B95843W/SH,https://www.samsung.com/hk/vacuum-cleaners/stick/bespoke-jet-plus-210w-all-in-one-clean-station-mis-white-vs20b95843w-sh/?R=20250131144038,VS20B95843W/SH,"6,990","5,590",,,"5,590",Yes,200,200,,,,,,,,,,,Add to Cart,"5,390.00",,Z-VCA-ADB952,Z-VCA-WBA95/GL,Z-VCA-SAPA95/VEU,,,,,,,,"Z-VCA-ADB952,Z-VCA-WBA95/GL,Z-VCA-SAPA95/VEU",3,"
●  1 x  BESPOKE Jet™ Clean Station Antibacterial Dust Bag (5ea) [Z-VCA-ADB952]
●  1 x  BESPOKE Jet™ Spray Spinning Sweeper™ [Z-VCA-WBA95/GL]
●  1 x  BESPOKE Jet™ Battery Pack (25.2V) [Z-VCA-SAPA95/VEU]
",,,,,End of Test,,,,,,,,,,,,,,,,,,,,,,,,,,,,,,,,,,,,,,,,,,,,,,,,,,,,,,,,,,,,,,,,,,,,,,,,,0,,,,,,,,,,,,,,,,,
,VC-05,,,,,VS20C852FTBSHJet85 Stick VC Midnight Blue,,N,VS20C852FTB/SH,https://www.samsung.com/hk/vacuum-cleaners/stick/vs9500al-stick-more-advance-cleaning-performance-hexajet-motor-jet-cyclone-blue-vs20c852ftb-sh/?R=20250131144038,VS20C852FTB/SH,"4,990","3,990",,,"3,990",Yes,100,100,,,,,,,,,,,Add to Cart,"3,890.00",,,,,,,,,,,,,0,"
",,,,,End of Test,,,,,,,,,,,,,,,,,,,,,,,,,,,,,,,,,,,,,,,,,,,,,,,,,,,,,,,,,,,,,,,,,,,,,,,,,0,,,,,,,,,,,,,,,,,
,VC-06,,,,,VS20C852CTNSH Jet85 Stick VC Woody Green1,,N,VS20C852CTN/SH,https://www.samsung.com/hk/vacuum-cleaners/stick/vs9500al-stick-more-advance-cleaning-performance-hexajet-motor-jet-cyclone-green-vs20c852ctn-sh/?R=20250131144038,VS20C852CTN/SH,"4,590","3,490",,,"3,490",Yes,100,100,,,,,,,,,,,Add to Cart,"3,390.00",,,,,,,,,,,,,0,"
",,,,,End of Test,,,,,,,,,,,,,,,,,,,,,,,,,,,,,,,,,,,,,,,,,,,,,,,,,,,,,,,,,,,,,,,,,,,,,,,,,0,,,,,,,,,,,,,,,,,
Sola,VC-07,,,,,Bespoke Jet™ AI premium extra 280 W Exceptionally Powerful Cleaning Performance Satin Black,,N,VS28C979FQK/SP,https://www.samsung.com/hk/vacuum-cleaners/stick/bespoke-jet-ai-satin-black-vs28c979fqk-sp/?R=20250131144038,VS28C979FQK/SP,"9,990","7,990",,,7990,Yes,300,300,,,,,,,,,,,Add to Cart,"7,690.00",,Z-VCA-ADB952,Z-VCA-SPW95/VT,Z-VCA-SPA95/GL,Z-VCA-TABC97/GL,Z-VCA-SAK95K/GL,,,,,,"Z-VCA-ADB952,Z-VCA-SPW95/VT,Z-VCA-SPA95/GL,Z-VCA-TABC97/GL,Z-VCA-SAK95K/GL",5,"
●  1 x  BESPOKE Jet™ Clean Station Antibacterial Dust Bag (5ea) [Z-VCA-ADB952]
●  1 x  BESPOKE Jet™ Sweeper Microfiber Pads (4ea) [Z-VCA-SPW95/VT]
●  1 x  BESPOKE Jet™ Sweeper Disposable Wet Pads [Z-VCA-SPA95/GL]
●  1 x  BESPOKE Jet™ AI Active Dual Brush [Z-VCA-TABC97/GL]
●  1 x  Jet™ Tool Kit [Z-VCA-SAK95K/GL]
",,,,,,,,,,,,,,,,,,,,,,,,,,,,,,,,,,,,,,,,,,,,,,,,,,,,,,,,,,,,,,,,,,,,,,,,,,,,,,0,,,,,,,,,,Z-VCA-ADB952,Z-VCA-TABC97/GL,Z-VCA-SAK95K/GL,,,,,
,,,,,,,,,,,,0,0,,,0,,0,0,,,,,,,,,,,,,,,,,,,,,,,,,0,"
",,,,,,,,,,,,,,,,,,,,,,,,,,,,,,,,,,,,,,,,,,,,,,,,,,,,,,,,,,,,,,,,,,,,,,,,,,,,,,0,,,,,,,,,,,,,,,,,
,,,,,,,,,,,,0,0,,,0,,0,0,,,,,,,,,,,,,,,,,,,,,,,,,0,"
",,,,,,,,,,,,,,,,,,,,,,,,,,,,,,,,,,,,,,,,,,,,,,,,,,,,,,,,,,,,,,,,,,,,,,,,,,,,,,0,,,,,,,,,,,,,,,,,
,,,,,,,,,,,,0,0,,,0,,0,0,,,,,,,,,,,,,,,,,,,,,,,,,0,"
",,,,,,,,,,,,,,,,,,,,,,,,,,,,,,,,,,,,,,,,,,,,,,,,,,,,,,,,,,,,,,,,,,,,,,,,,,,,,,0,,,,,,,,,,,,,,,,,
,,,,,,,,,,,,0,0,,,0,,0,0,,,,,,,,,,,,,,,,,,,,,,,,,0,"
",,,,,,,,,,,,,,,,,,,,,,,,,,,,,,,,,,,,,,,,,,,,,,,,,,,,,,,,,,,,,,,,,,,,,,,,,,,,,,0,,,,,,,,,,,,,,,,,
,,,,,,,,,,,,0,0,,,0,,0,0,,,,,,,,,,,,,,,,,,,,,,,,,0,"
",,,,,,,,,,,,,,,,,,,,,,,,,,,,,,,,,,,,,,,,,,,,,,,,,,,,,,,,,,,,,,,,,,,,,,,,,,,,,,0,,,,,,,,,,,,,,,,,
,,,,,,,,,,,,0,0,,,0,,0,0,,,,,,,,,,,,,,,,,,,,,,,,,0,"
",,,,,,,,,,,,,,,,,,,,,,,,,,,,,,,,,,,,,,,,,,,,,,,,,,,,,,,,,,,,,,,,,,,,,,,,,,,,,,0,,,,,,,,,,,,,,,,,
,,,,,,,,,,,,0,0,,,0,,0,0,,,,,,,,,,,,,,,,,,,,,,,,,0,"
",,,,,,,,,,,,,,,,,,,,,,,,,,,,,,,,,,,,,,,,,,,,,,,,,,,,,,,,,,,,,,,,,,,,,,,,,,,,,,0,,,,,,,,,,,,,,,,,
,,,,,,,,,,,,0,0,,,0,,0,0,,,,,,,,,,,,,,,,,,,,,,,,,0,"
",,,,,,,,,,,,,,,,,,,,,,,,,,,,,,,,,,,,,,,,,,,,,,,,,,,,,,,,,,,,,,,,,,,,,,,,,,,,,,0,,,,,,,,,,,,,,,,,
,,,,,,,,,,,,0,0,,,0,,0,0,,,,,,,,,,,,,,,,,,,,,,,,,0,"
",,,,,,,,,,,,,,,,,,,,,,,,,,,,,,,,,,,,,,,,,,,,,,,,,,,,,,,,,,,,,,,,,,,,,,,,,,,,,,0,,,,,,,,,,,,,,,,,
,,,,,,,,,,,,0,0,,,0,,0,0,,,,,,,,,,,,,,,,,,,,,,,,,0,"
",,,,,,,,,,,,,,,,,,,,,,,,,,,,,,,,,,,,,,,,,,,,,,,,,,,,,,,,,,,,,,,,,,,,,,,,,,,,,,0,,,,,,,,,,,,,,,,,
,,,,,,,,,,,,0,0,,,0,,0,0,,,,,,,,,,,,,,,,,,,,,,,,,0,"
",,,,,,,,,,,,,,,,,,,,,,,,,,,,,,,,,,,,,,,,,,,,,,,,,,,,,,,,,,,,,,,,,,,,,,,,,,,,,,0,,,,,,,,,,,,,,,,,
,,,,,,,,,,,,0,0,,,0,,0,0,,,,,,,,,,,,,,,,,,,,,,,,,0,"
",,,,,,,,,,,,,,,,,,,,,,,,,,,,,,,,,,,,,,,,,,,,,,,,,,,,,,,,,,,,,,,,,,,,,,,,,,,,,,0,,,,,,,,,,,,,,,,,
,,,,,,,,,,,,0,0,,,0,,0,0,,,,,,,,,,,,,,,,,,,,,,,,,0,"
",,,,,,,,,,,,,,,,,,,,,,,,,,,,,,,,,,,,,,,,,,,,,,,,,,,,,,,,,,,,,,,,,,,,,,,,,,,,,,0,,,,,,,,,,,,,,,,,
,,,,,,,,,,,,0,0,,,0,,0,0,,,,,,,,,,,,,,,,,,,,,,,,,0,"
",,,,,,,,,,,,,,,,,,,,,,,,,,,,,,,,,,,,,,,,,,,,,,,,,,,,,,,,,,,,,,,,,,,,,,,,,,,,,,0,,,,,,,,,,,,,,,,,
,,,,,,,,,,,,0,0,,,0,,0,0,,,,,,,,,,,,,,,,,,,,,,,,,0,"
",,,,,,,,,,,,,,,,,,,,,,,,,,,,,,,,,,,,,,,,,,,,,,,,,,,,,,,,,,,,,,,,,,,,,,,,,,,,,,0,,,,,,,,,,,,,,,,,
,,,,,,,,,,,,0,0,,,0,,0,0,,,,,,,,,,,,,,,,,,,,,,,,,0,"
",,,,,,,,,,,,,,,,,,,,,,,,,,,,,,,,,,,,,,,,,,,,,,,,,,,,,,,,,,,,,,,,,,,,,,,,,,,,,,0,,,,,,,,,,,,,,,,,
,,,,,,,,,,,,0,0,,,0,,0,0,,,,,,,,,,,,,,,,,,,,,,,,,0,"
",,,,,,,,,,,,,,,,,,,,,,,,,,,,,,,,,,,,,,,,,,,,,,,,,,,,,,,,,,,,,,,,,,,,,,,,,,,,,,0,,,,,,,,,,,,,,,,,
,,,,,,,,,,,,0,0,,,0,,0,0,,,,,,,,,,,,,,,,,,,,,,,,,0,"
",,,,,,,,,,,,,,,,,,,,,,,,,,,,,,,,,,,,,,,,,,,,,,,,,,,,,,,,,,,,,,,,,,,,,,,,,,,,,,0,,,,,,,,,,,,,,,,,
,,,,,,,,,,,,0,0,,,0,,0,0,,,,,,,,,,,,,,,,,,,,,,,,,0,"
",,,,,,,,,,,,,,,,,,,,,,,,,,,,,,,,,,,,,,,,,,,,,,,,,,,,,,,,,,,,,,,,,,,,,,,,,,,,,,0,,,,,,,,,,,,,,,,,
,,,,,,,,,,,,0,0,,,0,,0,0,,,,,,,,,,,,,,,,,,,,,,,,,0,"
",,,,,,,,,,,,,,,,,,,,,,,,,,,,,,,,,,,,,,,,,,,,,,,,,,,,,,,,,,,,,,,,,,,,,,,,,,,,,,0,,,,,,,,,,,,,,,,,
,,,,,,,,,,,,0,0,,,0,,0,0,,,,,,,,,,,,,,,,,,,,,,,,,0,"
",,,,,,,,,,,,,,,,,,,,,,,,,,,,,,,,,,,,,,,,,,,,,,,,,,,,,,,,,,,,,,,,,,,,,,,,,,,,,,0,,,,,,,,,,,,,,,,,
,,,,,,,,,,,,0,0,,,0,,0,0,,,,,,,,,,,,,,,,,,,,,,,,,0,"
",,,,,,,,,,,,,,,,,,,,,,,,,,,,,,,,,,,,,,,,,,,,,,,,,,,,,,,,,,,,,,,,,,,,,,,,,,,,,,0,,,,,,,,,,,,,,,,,
,,,,,,,,,,,,0,0,,,0,,0,0,,,,,,,,,,,,,,,,,,,,,,,,,0,"
",,,,,,,,,,,,,,,,,,,,,,,,,,,,,,,,,,,,,,,,,,,,,,,,,,,,,,,,,,,,,,,,,,,,,,,,,,,,,,0,,,,,,,,,,,,,,,,,
,,,,,,,,,,,,0,0,,,0,,0,0,,,,,,,,,,,,,,,,,,,,,,,,,0,"
",,,,,,,,,,,,,,,,,,,,,,,,,,,,,,,,,,,,,,,,,,,,,,,,,,,,,,,,,,,,,,,,,,,,,,,,,,,,,,0,,,,,,,,,,,,,,,,,
,,,,,,,,,,,,0,0,,,0,,0,0,,,,,,,,,,,,,,,,,,,,,,,,,0,"
",,,,,,,,,,,,,,,,,,,,,,,,,,,,,,,,,,,,,,,,,,,,,,,,,,,,,,,,,,,,,,,,,,,,,,,,,,,,,,0,,,,,,,,,,,,,,,,,
,,,,,,,,,,,,0,0,,,0,,0,0,,,,,,,,,,,,,,,,,,,,,,,,,0,"
",,,,,,,,,,,,,,,,,,,,,,,,,,,,,,,,,,,,,,,,,,,,,,,,,,,,,,,,,,,,,,,,,,,,,,,,,,,,,,0,,,,,,,,,,,,,,,,,
,,,,,,,,,,,,0,0,,,0,,0,0,,,,,,,,,,,,,,,,,,,,,,,,,0,"
",,,,,,,,,,,,,,,,,,,,,,,,,,,,,,,,,,,,,,,,,,,,,,,,,,,,,,,,,,,,,,,,,,,,,,,,,,,,,,0,,,,,,,,,,,,,,,,,
,,,,,,,,,,,,0,0,,,0,,0,0,,,,,,,,,,,,,,,,,,,,,,,,,0,"
",,,,,,,,,,,,,,,,,,,,,,,,,,,,,,,,,,,,,,,,,,,,,,,,,,,,,,,,,,,,,,,,,,,,,,,,,,,,,,0,,,,,,,,,,,,,,,,,
,,,,,,,,,,,,0,0,,,0,,0,0,,,,,,,,,,,,,,,,,,,,,,,,,0,"
",,,,,,,,,,,,,,,,,,,,,,,,,,,,,,,,,,,,,,,,,,,,,,,,,,,,,,,,,,,,,,,,,,,,,,,,,,,,,,0,,,,,,,,,,,,,,,,,
,,,,,,,,,,,,0,0,,,0,,0,0,,,,,,,,,,,,,,,,,,,,,,,,,0,"
",,,,,,,,,,,,,,,,,,,,,,,,,,,,,,,,,,,,,,,,,,,,,,,,,,,,,,,,,,,,,,,,,,,,,,,,,,,,,,0,,,,,,,,,,,,,,,,,
,,,,,,,,,,,,0,0,,,0,,0,0,,,,,,,,,,,,,,,,,,,,,,,,,0,"
",,,,,,,,,,,,,,,,,,,,,,,,,,,,,,,,,,,,,,,,,,,,,,,,,,,,,,,,,,,,,,,,,,,,,,,,,,,,,,0,,,,,,,,,,,,,,,,,
,,,,,,,,,,,,0,0,,,0,,0,0,,,,,,,,,,,,,,,,,,,,,,,,,0,"
",,,,,,,,,,,,,,,,,,,,,,,,,,,,,,,,,,,,,,,,,,,,,,,,,,,,,,,,,,,,,,,,,,,,,,,,,,,,,,0,,,,,,,,,,,,,,,,,
,,,,,,,,,,,,0,0,,,0,,0,0,,,,,,,,,,,,,,,,,,,,,,,,,0,"
",,,,,,,,,,,,,,,,,,,,,,,,,,,,,,,,,,,,,,,,,,,,,,,,,,,,,,,,,,,,,,,,,,,,,,,,,,,,,,0,,,,,,,,,,,,,,,,,
,,,,,,,,,,,,0,0,,,0,,0,0,,,,,,,,,,,,,,,,,,,,,,,,,0,"
",,,,,,,,,,,,,,,,,,,,,,,,,,,,,,,,,,,,,,,,,,,,,,,,,,,,,,,,,,,,,,,,,,,,,,,,,,,,,,0,,,,,,,,,,,,,,,,,
,,,,,,,,,,,,0,0,,,0,,0,0,,,,,,,,,,,,,,,,,,,,,,,,,0,"
",,,,,,,,,,,,,,,,,,,,,,,,,,,,,,,,,,,,,,,,,,,,,,,,,,,,,,,,,,,,,,,,,,,,,,,,,,,,,,0,,,,,,,,,,,,,,,,,
,,,,,,,,,,,,0,0,,,0,,0,0,,,,,,,,,,,,,,,,,,,,,,,,,0,"
",,,,,,,,,,,,,,,,,,,,,,,,,,,,,,,,,,,,,,,,,,,,,,,,,,,,,,,,,,,,,,,,,,,,,,,,,,,,,,0,,,,,,,,,,,,,,,,,
,,,,,,,,,,,,0,0,,,0,,0,0,,,,,,,,,,,,,,,,,,,,,,,,,0,"
",,,,,,,,,,,,,,,,,,,,,,,,,,,,,,,,,,,,,,,,,,,,,,,,,,,,,,,,,,,,,,,,,,,,,,,,,,,,,,0,,,,,,,,,,,,,,,,,
,,,,,,,,,,,,0,0,,,0,,0,0,,,,,,,,,,,,,,,,,,,,,,,,,0,"
",,,,,,,,,,,,,,,,,,,,,,,,,,,,,,,,,,,,,,,,,,,,,,,,,,,,,,,,,,,,,,,,,,,,,,,,,,,,,,0,,,,,,,,,,,,,,,,,
,,,,,,,,,,,,0,0,,,0,,0,0,,,,,,,,,,,,,,,,,,,,,,,,,0,"
",,,,,,,,,,,,,,,,,,,,,,,,,,,,,,,,,,,,,,,,,,,,,,,,,,,,,,,,,,,,,,,,,,,,,,,,,,,,,,0,,,,,,,,,,,,,,,,,
,,,,,,,,,,,,0,0,,,0,,0,0,,,,,,,,,,,,,,,,,,,,,,,,,0,"
",,,,,,,,,,,,,,,,,,,,,,,,,,,,,,,,,,,,,,,,,,,,,,,,,,,,,,,,,,,,,,,,,,,,,,,,,,,,,,0,,,,,,,,,,,,,,,,,
,,,,,,,,,,,,0,0,,,0,,0,0,,,,,,,,,,,,,,,,,,,,,,,,,,,,,,,,,,,,,,,,,,,,,,,,,,,,,,,,,,,,,,,,,,,,,,,,,,,,,,,,,,,,,,,,,,,,,,,,,,,,,,,,0,,,,,,,,,,,,,,,,,
,,,,,,,,,,,,0,0,,,0,,0,0,,,,,,,,,,,,,,,,,,,,,,,,,,,,,,,,,,,,,,,,,,,,,,,,,,,,,,,,,,,,,,,,,,,,,,,,,,,,,,,,,,,,,,,,,,,,,,,,,,,,,,,,0,,,,,,,,,,,,,,,,,
,,,,,,,,,,,,0,0,,,0,,0,0,,,,,,,,,,,,,,,,,,,,,,,,,,,,,,,,,,,,,,,,,,,,,,,,,,,,,,,,,,,,,,,,,,,,,,,,,,,,,,,,,,,,,,,,,,,,,,,,,,,,,,,,0,,,,,,,,,,,,,,,,,
,,,,,,,,,,,,0,0,,,0,,0,0,,,,,,,,,,,,,,,,,,,,,,,,,,,,,,,,,,,,,,,,,,,,,,,,,,,,,,,,,,,,,,,,,,,,,,,,,,,,,,,,,,,,,,,,,,,,,,,,,,,,,,,,0,,,,,,,,,,,,,,,,,
,,,,,,,,,,,,0,0,,,0,,0,0,,,,,,,,,,,,,,,,,,,,,,,,,,,,,,,,,,,,,,,,,,,,,,,,,,,,,,,,,,,,,,,,,,,,,,,,,,,,,,,,,,,,,,,,,,,,,,,,,,,,,,,,0,,,,,,,,,,,,,,,,,
,,,,,,,,,,,,0,0,,,0,,0,0,,,,,,,,,,,,,,,,,,,,,,,,,,,,,,,,,,,,,,,,,,,,,,,,,,,,,,,,,,,,,,,,,,,,,,,,,,,,,,,,,,,,,,,,,,,,,,,,,,,,,,,,0,,,,,,,,,,,,,,,,,
,,,,,,,,,,,,0,0,,,0,,0,0,,,,,,,,,,,,,,,,,,,,,,,,,,,,,,,,,,,,,,,,,,,,,,,,,,,,,,,,,,,,,,,,,,,,,,,,,,,,,,,,,,,,,,,,,,,,,,,,,,,,,,,,0,,,,,,,,,,,,,,,,,
,,,,,,,,,,,,0,0,,,0,,0,0,,,,,,,,,,,,,,,,,,,,,,,,,,,,,,,,,,,,,,,,,,,,,,,,,,,,,,,,,,,,,,,,,,,,,,,,,,,,,,,,,,,,,,,,,,,,,,,,,,,,,,,,0,,,,,,,,,,,,,,,,,
,,,,,,,,,,,,0,0,,,0,,0,0,,,,,,,,,,,,,,,,,,,,,,,,,,,,,,,,,,,,,,,,,,,,,,,,,,,,,,,,,,,,,,,,,,,,,,,,,,,,,,,,,,,,,,,,,,,,,,,,,,,,,,,,0,,,,,,,,,,,,,,,,,
,,,,,,,,,,,,0,0,,,0,,0,0,,,,,,,,,,,,,,,,,,,,,,,,,,,,,,,,,,,,,,,,,,,,,,,,,,,,,,,,,,,,,,,,,,,,,,,,,,,,,,,,,,,,,,,,,,,,,,,,,,,,,,,,0,,,,,,,,,,,,,,,,,
,,,,,,,,,,,,0,0,,,0,,0,0,,,,,,,,,,,,,,,,,,,,,,,,,,,,,,,,,,,,,,,,,,,,,,,,,,,,,,,,,,,,,,,,,,,,,,,,,,,,,,,,,,,,,,,,,,,,,,,,,,,,,,,,0,,,,,,,,,,,,,,,,,
,,,,,,,,,,,,0,0,,,0,,0,0,,,,,,,,,,,,,,,,,,,,,,,,,,,,,,,,,,,,,,,,,,,,,,,,,,,,,,,,,,,,,,,,,,,,,,,,,,,,,,,,,,,,,,,,,,,,,,,,,,,,,,,,0,,,,,,,,,,,,,,,,,
,,,,,,,,,,,,0,0,,,0,,0,0,,,,,,,,,,,,,,,,,,,,,,,,,,,,,,,,,,,,,,,,,,,,,,,,,,,,,,,,,,,,,,,,,,,,,,,,,,,,,,,,,,,,,,,,,,,,,,,,,,,,,,,,0,,,,,,,,,,,,,,,,,
,,,,,,,,,,,,0,0,,,0,,0,0,,,,,,,,,,,,,,,,,,,,,,,,,,,,,,,,,,,,,,,,,,,,,,,,,,,,,,,,,,,,,,,,,,,,,,,,,,,,,,,,,,,,,,,,,,,,,,,,,,,,,,,,0,,,,,,,,,,,,,,,,,
,,,,,,,,,,,,0,0,,,0,,0,0,,,,,,,,,,,,,,,,,,,,,,,,,,,,,,,,,,,,,,,,,,,,,,,,,,,,,,,,,,,,,,,,,,,,,,,,,,,,,,,,,,,,,,,,,,,,,,,,,,,,,,,,0,,,,,,,,,,,,,,,,,
,,,,,,,,,,,,0,0,,,0,,0,0,,,,,,,,,,,,,,,,,,,,,,,,,,,,,,,,,,,,,,,,,,,,,,,,,,,,,,,,,,,,,,,,,,,,,,,,,,,,,,,,,,,,,,,,,,,,,,,,,,,,,,,,0,,,,,,,,,,,,,,,,,
,,,,,,,,,,,,0,0,,,0,,0,0,,,,,,,,,,,,,,,,,,,,,,,,,,,,,,,,,,,,,,,,,,,,,,,,,,,,,,,,,,,,,,,,,,,,,,,,,,,,,,,,,,,,,,,,,,,,,,,,,,,,,,,,0,,,,,,,,,,,,,,,,,
,,,,,,,,,,,,0,0,,,0,,0,0,,,,,,,,,,,,,,,,,,,,,,,,,,,,,,,,,,,,,,,,,,,,,,,,,,,,,,,,,,,,,,,,,,,,,,,,,,,,,,,,,,,,,,,,,,,,,,,,,,,,,,,,0,,,,,,,,,,,,,,,,,
,,,,,,,,,,,,0,0,,,0,,0,0,,,,,,,,,,,,,,,,,,,,,,,,,,,,,,,,,,,,,,,,,,,,,,,,,,,,,,,,,,,,,,,,,,,,,,,,,,,,,,,,,,,,,,,,,,,,,,,,,,,,,,,,0,,,,,,,,,,,,,,,,,
,,,,,,,,,,,,0,0,,,0,,0,0,,,,,,,,,,,,,,,,,,,,,,,,,,,,,,,,,,,,,,,,,,,,,,,,,,,,,,,,,,,,,,,,,,,,,,,,,,,,,,,,,,,,,,,,,,,,,,,,,,,,,,,,0,,,,,,,,,,,,,,,,,
,,,,,,,,,,,,0,0,,,0,,0,0,,,,,,,,,,,,,,,,,,,,,,,,,,,,,,,,,,,,,,,,,,,,,,,,,,,,,,,,,,,,,,,,,,,,,,,,,,,,,,,,,,,,,,,,,,,,,,,,,,,,,,,,0,,,,,,,,,,,,,,,,,
,,,,,,,,,,,,0,0,,,0,,0,0,,,,,,,,,,,,,,,,,,,,,,,,,,,,,,,,,,,,,,,,,,,,,,,,,,,,,,,,,,,,,,,,,,,,,,,,,,,,,,,,,,,,,,,,,,,,,,,,,,,,,,,,0,,,,,,,,,,,,,,,,,
,,,,,,,,,,,,0,0,,,0,,0,0,,,,,,,,,,,,,,,,,,,,,,,,,,,,,,,,,,,,,,,,,,,,,,,,,,,,,,,,,,,,,,,,,,,,,,,,,,,,,,,,,,,,,,,,,,,,,,,,,,,,,,,,0,,,,,,,,,,,,,,,,,
,,,,,,,,,,,,0,0,,,0,,0,0,,,,,,,,,,,,,,,,,,,,,,,,,,,,,,,,,,,,,,,,,,,,,,,,,,,,,,,,,,,,,,,,,,,,,,,,,,,,,,,,,,,,,,,,,,,,,,,,,,,,,,,,0,,,,,,,,,,,,,,,,,
,,,,,,,,,,,,0,0,,,0,,0,0,,,,,,,,,,,,,,,,,,,,,,,,,,,,,,,,,,,,,,,,,,,,,,,,,,,,,,,,,,,,,,,,,,,,,,,,,,,,,,,,,,,,,,,,,,,,,,,,,,,,,,,,0,,,,,,,,,,,,,,,,,
,,,,,,,,,,,,0,0,,,0,,0,0,,,,,,,,,,,,,,,,,,,,,,,,,,,,,,,,,,,,,,,,,,,,,,,,,,,,,,,,,,,,,,,,,,,,,,,,,,,,,,,,,,,,,,,,,,,,,,,,,,,,,,,,0,,,,,,,,,,,,,,,,,
,,,,,,,,,,,,0,0,,,0,,0,0,,,,,,,,,,,,,,,,,,,,,,,,,,,,,,,,,,,,,,,,,,,,,,,,,,,,,,,,,,,,,,,,,,,,,,,,,,,,,,,,,,,,,,,,,,,,,,,,,,,,,,,,0,,,,,,,,,,,,,,,,,
,,,,,,,,,,,,0,0,,,0,,0,0,,,,,,,,,,,,,,,,,,,,,,,,,,,,,,,,,,,,,,,,,,,,,,,,,,,,,,,,,,,,,,,,,,,,,,,,,,,,,,,,,,,,,,,,,,,,,,,,,,,,,,,,0,,,,,,,,,,,,,,,,,
,,,,,,,,,,,,0,0,,,0,,0,0,,,,,,,,,,,,,,,,,,,,,,,,,,,,,,,,,,,,,,,,,,,,,,,,,,,,,,,,,,,,,,,,,,,,,,,,,,,,,,,,,,,,,,,,,,,,,,,,,,,,,,,,0,,,,,,,,,,,,,,,,,
,,,,,,,,,,,,0,0,,,0,,0,0,,,,,,,,,,,,,,,,,,,,,,,,,,,,,,,,,,,,,,,,,,,,,,,,,,,,,,,,,,,,,,,,,,,,,,,,,,,,,,,,,,,,,,,,,,,,,,,,,,,,,,,,0,,,,,,,,,,,,,,,,,
,,,,,,,,,,,,0,0,,,0,,0,0,,,,,,,,,,,,,,,,,,,,,,,,,,,,,,,,,,,,,,,,,,,,,,,,,,,,,,,,,,,,,,,,,,,,,,,,,,,,,,,,,,,,,,,,,,,,,,,,,,,,,,,,0,,,,,,,,,,,,,,,,,
,,,,,,,,,,,,0,0,,,0,,0,0,,,,,,,,,,,,,,,,,,,,,,,,,,,,,,,,,,,,,,,,,,,,,,,,,,,,,,,,,,,,,,,,,,,,,,,,,,,,,,,,,,,,,,,,,,,,,,,,,,,,,,,,0,,,,,,,,,,,,,,,,,
,,,,,,,,,,,,0,0,,,0,,0,0,,,,,,,,,,,,,,,,,,,,,,,,,,,,,,,,,,,,,,,,,,,,,,,,,,,,,,,,,,,,,,,,,,,,,,,,,,,,,,,,,,,,,,,,,,,,,,,,,,,,,,,,0,,,,,,,,,,,,,,,,,
,,,,,,,,,,,,0,0,,,0,,0,0,,,,,,,,,,,,,,,,,,,,,,,,,,,,,,,,,,,,,,,,,,,,,,,,,,,,,,,,,,,,,,,,,,,,,,,,,,,,,,,,,,,,,,,,,,,,,,,,,,,,,,,,0,,,,,,,,,,,,,,,,,
,,,,,,,,,,,,0,0,,,0,,0,0,,,,,,,,,,,,,,,,,,,,,,,,,,,,,,,,,,,,,,,,,,,,,,,,,,,,,,,,,,,,,,,,,,,,,,,,,,,,,,,,,,,,,,,,,,,,,,,,,,,,,,,,0,,,,,,,,,,,,,,,,,
,,,,,,,,,,,,0,0,,,0,,0,0,,,,,,,,,,,,,,,,,,,,,,,,,,,,,,,,,,,,,,,,,,,,,,,,,,,,,,,,,,,,,,,,,,,,,,,,,,,,,,,,,,,,,,,,,,,,,,,,,,,,,,,,0,,,,,,,,,,,,,,,,,
,,,,,,,,,,,,0,0,,,0,,0,0,,,,,,,,,,,,,,,,,,,,,,,,,,,,,,,,,,,,,,,,,,,,,,,,,,,,,,,,,,,,,,,,,,,,,,,,,,,,,,,,,,,,,,,,,,,,,,,,,,,,,,,,0,,,,,,,,,,,,,,,,,
,,,,,,,,,,,,0,0,,,0,,0,0,,,,,,,,,,,,,,,,,,,,,,,,,,,,,,,,,,,,,,,,,,,,,,,,,,,,,,,,,,,,,,,,,,,,,,,,,,,,,,,,,,,,,,,,,,,,,,,,,,,,,,,,0,,,,,,,,,,,,,,,,,
,,,,,,,,,,,,0,0,,,0,,0,0,,,,,,,,,,,,,,,,,,,,,,,,,,,,,,,,,,,,,,,,,,,,,,,,,,,,,,,,,,,,,,,,,,,,,,,,,,,,,,,,,,,,,,,,,,,,,,,,,,,,,,,,0,,,,,,,,,,,,,,,,,
,,,,,,,,,,,,0,0,,,0,,0,0,,,,,,,,,,,,,,,,,,,,,,,,,,,,,,,,,,,,,,,,,,,,,,,,,,,,,,,,,,,,,,,,,,,,,,,,,,,,,,,,,,,,,,,,,,,,,,,,,,,,,,,,0,,,,,,,,,,,,,,,,,
,,,,,,,,,,,,0,0,,,0,,0,0,,,,,,,,,,,,,,,,,,,,,,,,,,,,,,,,,,,,,,,,,,,,,,,,,,,,,,,,,,,,,,,,,,,,,,,,,,,,,,,,,,,,,,,,,,,,,,,,,,,,,,,,0,,,,,,,,,,,,,,,,,
,,,,,,,,,,,,0,0,,,0,,0,0,,,,,,,,,,,,,,,,,,,,,,,,,,,,,,,,,,,,,,,,,,,,,,,,,,,,,,,,,,,,,,,,,,,,,,,,,,,,,,,,,,,,,,,,,,,,,,,,,,,,,,,,0,,,,,,,,,,,,,,,,,
,,,,,,,,,,,,0,0,,,0,,0,0,,,,,,,,,,,,,,,,,,,,,,,,,,,,,,,,,,,,,,,,,,,,,,,,,,,,,,,,,,,,,,,,,,,,,,,,,,,,,,,,,,,,,,,,,,,,,,,,,,,,,,,,0,,,,,,,,,,,,,,,,,
,,,,,,,,,,,,0,0,,,0,,0,0,,,,,,,,,,,,,,,,,,,,,,,,,,,,,,,,,,,,,,,,,,,,,,,,,,,,,,,,,,,,,,,,,,,,,,,,,,,,,,,,,,,,,,,,,,,,,,,,,,,,,,,,0,,,,,,,,,,,,,,,,,
,,,,,,,,,,,,0,0,,,0,,0,0,,,,,,,,,,,,,,,,,,,,,,,,,,,,,,,,,,,,,,,,,,,,,,,,,,,,,,,,,,,,,,,,,,,,,,,,,,,,,,,,,,,,,,,,,,,,,,,,,,,,,,,,0,,,,,,,,,,,,,,,,,
,,,,,,,,,,,,0,0,,,0,,0,0,,,,,,,,,,,,,,,,,,,,,,,,,,,,,,,,,,,,,,,,,,,,,,,,,,,,,,,,,,,,,,,,,,,,,,,,,,,,,,,,,,,,,,,,,,,,,,,,,,,,,,,,0,,,,,,,,,,,,,,,,,
,,,,,,,,,,,,0,0,,,0,,0,0,,,,,,,,,,,,,,,,,,,,,,,,,,,,,,,,,,,,,,,,,,,,,,,,,,,,,,,,,,,,,,,,,,,,,,,,,,,,,,,,,,,,,,,,,,,,,,,,,,,,,,,,0,,,,,,,,,,,,,,,,,
,,,,,,,,,,,,0,0,,,0,,0,0,,,,,,,,,,,,,,,,,,,,,,,,,,,,,,,,,,,,,,,,,,,,,,,,,,,,,,,,,,,,,,,,,,,,,,,,,,,,,,,,,,,,,,,,,,,,,,,,,,,,,,,,0,,,,,,,,,,,,,,,,,
,,,,,,,,,,,,0,0,,,0,,0,0,,,,,,,,,,,,,,,,,,,,,,,,,,,,,,,,,,,,,,,,,,,,,,,,,,,,,,,,,,,,,,,,,,,,,,,,,,,,,,,,,,,,,,,,,,,,,,,,,,,,,,,,0,,,,,,,,,,,,,,,,,
,,,,,,,,,,,,0,0,,,0,,0,0,,,,,,,,,,,,,,,,,,,,,,,,,,,,,,,,,,,,,,,,,,,,,,,,,,,,,,,,,,,,,,,,,,,,,,,,,,,,,,,,,,,,,,,,,,,,,,,,,,,,,,,,0,,,,,,,,,,,,,,,,,
,,,,,,,,,,,,0,0,,,0,,0,0,,,,,,,,,,,,,,,,,,,,,,,,,,,,,,,,,,,,,,,,,,,,,,,,,,,,,,,,,,,,,,,,,,,,,,,,,,,,,,,,,,,,,,,,,,,,,,,,,,,,,,,,0,,,,,,,,,,,,,,,,,
,,,,,,,,,,,,0,0,,,0,,0,0,,,,,,,,,,,,,,,,,,,,,,,,,,,,,,,,,,,,,,,,,,,,,,,,,,,,,,,,,,,,,,,,,,,,,,,,,,,,,,,,,,,,,,,,,,,,,,,,,,,,,,,,0,,,,,,,,,,,,,,,,,
,,,,,,,,,,,,0,0,,,0,,0,0,,,,,,,,,,,,,,,,,,,,,,,,,,,,,,,,,,,,,,,,,,,,,,,,,,,,,,,,,,,,,,,,,,,,,,,,,,,,,,,,,,,,,,,,,,,,,,,,,,,,,,,,0,,,,,,,,,,,,,,,,,
,,,,,,,,,,,,0,0,,,0,,0,0,,,,,,,,,,,,,,,,,,,,,,,,,,,,,,,,,,,,,,,,,,,,,,,,,,,,,,,,,,,,,,,,,,,,,,,,,,,,,,,,,,,,,,,,,,,,,,,,,,,,,,,,0,,,,,,,,,,,,,,,,,
,,,,,,,,,,,,0,0,,,0,,0,0,,,,,,,,,,,,,,,,,,,,,,,,,,,,,,,,,,,,,,,,,,,,,,,,,,,,,,,,,,,,,,,,,,,,,,,,,,,,,,,,,,,,,,,,,,,,,,,,,,,,,,,,0,,,,,,,,,,,,,,,,,
,,,,,,,,,,,,0,0,,,0,,0,0,,,,,,,,,,,,,,,,,,,,,,,,,,,,,,,,,,,,,,,,,,,,,,,,,,,,,,,,,,,,,,,,,,,,,,,,,,,,,,,,,,,,,,,,,,,,,,,,,,,,,,,,0,,,,,,,,,,,,,,,,,
,,,,,,,,,,,,0,0,,,0,,0,0,,,,,,,,,,,,,,,,,,,,,,,,,,,,,,,,,,,,,,,,,,,,,,,,,,,,,,,,,,,,,,,,,,,,,,,,,,,,,,,,,,,,,,,,,,,,,,,,,,,,,,,,0,,,,,,,,,,,,,,,,,
,,,,,,,,,,,,0,0,,,0,,0,0,,,,,,,,,,,,,,,,,,,,,,,,,,,,,,,,,,,,,,,,,,,,,,,,,,,,,,,,,,,,,,,,,,,,,,,,,,,,,,,,,,,,,,,,,,,,,,,,,,,,,,,,0,,,,,,,,,,,,,,,,,
,,,,,,,,,,,,0,0,,,0,,0,0,,,,,,,,,,,,,,,,,,,,,,,,,,,,,,,,,,,,,,,,,,,,,,,,,,,,,,,,,,,,,,,,,,,,,,,,,,,,,,,,,,,,,,,,,,,,,,,,,,,,,,,,0,,,,,,,,,,,,,,,,,
,,,,,,,,,,,,0,0,,,0,,0,0,,,,,,,,,,,,,,,,,,,,,,,,,,,,,,,,,,,,,,,,,,,,,,,,,,,,,,,,,,,,,,,,,,,,,,,,,,,,,,,,,,,,,,,,,,,,,,,,,,,,,,,,0,,,,,,,,,,,,,,,,,
,,,,,,,,,,,,0,0,,,0,,0,0,,,,,,,,,,,,,,,,,,,,,,,,,,,,,,,,,,,,,,,,,,,,,,,,,,,,,,,,,,,,,,,,,,,,,,,,,,,,,,,,,,,,,,,,,,,,,,,,,,,,,,,,0,,,,,,,,,,,,,,,,,
,,,,,,,,,,,,0,0,,,0,,0,0,,,,,,,,,,,,,,,,,,,,,,,,,,,,,,,,,,,,,,,,,,,,,,,,,,,,,,,,,,,,,,,,,,,,,,,,,,,,,,,,,,,,,,,,,,,,,,,,,,,,,,,,0,,,,,,,,,,,,,,,,,
,,,,,,,,,,,,0,0,,,0,,0,0,,,,,,,,,,,,,,,,,,,,,,,,,,,,,,,,,,,,,,,,,,,,,,,,,,,,,,,,,,,,,,,,,,,,,,,,,,,,,,,,,,,,,,,,,,,,,,,,,,,,,,,,0,,,,,,,,,,,,,,,,,
,,,,,,,,,,,,0,0,,,0,,0,0,,,,,,,,,,,,,,,,,,,,,,,,,,,,,,,,,,,,,,,,,,,,,,,,,,,,,,,,,,,,,,,,,,,,,,,,,,,,,,,,,,,,,,,,,,,,,,,,,,,,,,,,0,,,,,,,,,,,,,,,,,
,,,,,,,,,,,,0,0,,,0,,0,0,,,,,,,,,,,,,,,,,,,,,,,,,,,,,,,,,,,,,,,,,,,,,,,,,,,,,,,,,,,,,,,,,,,,,,,,,,,,,,,,,,,,,,,,,,,,,,,,,,,,,,,,0,,,,,,,,,,,,,,,,,
,,,,,,,,,,,,0,0,,,0,,0,0,,,,,,,,,,,,,,,,,,,,,,,,,,,,,,,,,,,,,,,,,,,,,,,,,,,,,,,,,,,,,,,,,,,,,,,,,,,,,,,,,,,,,,,,,,,,,,,,,,,,,,,,0,,,,,,,,,,,,,,,,,
,,,,,,,,,,,,0,0,,,0,,0,0,,,,,,,,,,,,,,,,,,,,,,,,,,,,,,,,,,,,,,,,,,,,,,,,,,,,,,,,,,,,,,,,,,,,,,,,,,,,,,,,,,,,,,,,,,,,,,,,,,,,,,,,0,,,,,,,,,,,,,,,,,
,,,,,,,,,,,,0,0,,,0,,0,0,,,,,,,,,,,,,,,,,,,,,,,,,,,,,,,,,,,,,,,,,,,,,,,,,,,,,,,,,,,,,,,,,,,,,,,,,,,,,,,,,,,,,,,,,,,,,,,,,,,,,,,,0,,,,,,,,,,,,,,,,,