MX,,,,,,Go to B2C Cart Page,,,,,Via buy page,13,14,15,16,17,18,19,20,21,22,23,24,25,26,27,28,29,30,31,32,33,34,35,36,37,38,39,40,41,42,43,44,45,46,47,48,49,50,51,52,53,54,55,56,57,58,59,60,61,62,63,64,65,66,67,68,69,70,71,72,73,74,75,76,77,78,79,80,81,82,83,84,85,86,87,88,89,90,91,92,93,94,95,96,97,98,99,100,101,102,103,104,105,106,107,108,109,110,111,112,113,114,115,116,117,118,119,120,121,122,123,124,125,126,127,128,129,130,131,132,,,,136
Assigned,Test Case,,,,,,,,,,18,Price,,Step >>,Step >>,Verify >>,Step >>,,Verify >>,Step >>,,Verify >>,Step >>,,,Verify >>,Step >>,Step >>,Special >>,Step >>,Verify >>,Verify >>,Mass premiums,,,,,,,,,,Array,Total,Verify >>,,Cart Page Result >>,,,Step >>,Step >>,Verify >>,Step >>,Verify >>,Verify >>,Verify >>,Checkout Page Result >> END OF TEST,,,,,,,,Automated Tests by UI Visions,,,,,,,,,,,,,,,,,,,,,,,,,,,,,,,,,,,,,,,,,,,,,,,,,,,,,,,,,,,,,Automated Test Result,Test duration (s),,Auto Cart,Last Updated,,,,,
Tester,ID,Auto Cart,Premiunm Qty,Manual Cart,Price Status,Model,Bsse SKU + STORAGE,BC,SKU,Link,SKU + Link,RRP,NRP,Login,Password,Verify Price before Discount,Trade-in,Trade-in-type,Verify extra trade-in rebate,"SC+ 
(Hong Kong)",SC-type,"Verify SC+ 
in Cart",Galaxy Credits ,GC-type,GC discount,Verify GC discount,Promo Code Type,Add Promo Code,Special discount after adding to cart,Add to Cart,Verify Product Price in Cart after Discount (Not total price in cart),Verify pre-order or back-order delivery date,Mass - Mar 1- 31,Mass - Mar 1- 31,Mass - Mar 1- 31,Mass - Mar 1- 31,Mass - Mar 1- 31,BL Mar 5-18,Mass but not EPP,Mass but not EPP,"No-trade-in
offer","No-trade-in
offer",Array,Total Gifts,"Verify Free Premiums in Cart (SKU)
(Exact Match)","Verify Expired Premiums 
NOT SHOWING in Cart",Cart Page Result,Screencap,Reason of fail,Proceed to Chckout,"Guest or login, proceed to delivery option",Verify these Delivery Option available,Delivery method action,Verify these criteria,,Verify Expected Delivery Date,Checkout Page Result,Screencap of Step 2 Delivery Option,Reason of fail,,Fix Status,eStore reply,CPT eStore team PIC,,Time of Test,Line No.,ID,SKU,Model,SKU Price label,SKU Price captured,SKU result,GC label,GC captured,GC result,SKU price in cart,SKU price captured,SKU price result,GC in cart,GC cart captured,GC cart result,Extra Trade-In Rebate label,Trade-In Rebate captured,Trade-In Rebate result,SC+ label,SC+ captured,SC+ result,Premium SKU count,Premium Count captured,Premium SKU count result,Failed reason,Items in Cart,SKU 1,Qty,,SKU 2,Qty,,SKU 3,Qty,,SKU 4,Qty,,SKU 5,Qty,,SKU 6,Qty,,SKU 7,Qty,,SKU 8,Qty,,SKU 9,Qty,,SKU 10,Qty,,Qty Total,Qty Total Result,Premium Array,Final Result,Test duration (s),,Cart Page Result,Last Updated,,,,,
,,,,,,,,,,,,0,0,,,0,,0,0,,0,0,,0,0,0,,,,,0.00,,,,,, ,,,,,, ,,#N/A,,,,,,,,,,,,,,,,,,,,,,,,,,,,,,,,,,,,,,,,,,,,,,,,,,,,,,,,,,,,,,,,,,,,,,,,,,,,,,0,,,,,,,,,,,,"


"
,SMP,,,,,,,-,,,,0,0,,,0,,0,0,,0,0,N/A,0,0,0,,,,,0.00,,,,,,,,,,,,,0,"
",,,,,,,,,,,,,,,,,,,,,,,,,,,,,,,,,,,,,,,,,,,,,,,,,,,,,,,,,,,,,,,,,,,,,,,,,,,,,,0,,,,,,,,,,,,
,SMP-01,,,,inStock,"Galaxy S25 Ultra, 1TB+16GB, Titanium Jadegreen, exclusive","SM-S9380, 1TB",Y,SM-S9380ZGWTGY,https://www.samsung.com/hk/smartphones/galaxy-s25-ultra/buy/?modelCode=SM-S9380ZGWTGY,SM-S9380ZGWTGY,"13,398",,,,"13,398",Yes,S25 Ultra,700,Yes,S25 Series,998,Use GC,S25 Ultra,350,350,,,,Add to Cart,"13,398.00",,,,,,,,,,,,,0,"
",,,,,,,,,,,,,,,,,,,-,,,,,,,,,,,,,,,,,,,,,,,,,,,,,,,,,,,,,,,,,,,,,,,,,,,,,,,,,,,0,,,,,,,,,,,,
,SMP-02,,,,inStock,"Galaxy S25 Ultra, 512GB+12GB, Titanium Jadegreen, exclusive","SM-S9380, 512GB",Y,SM-S9380ZGGTGY,https://www.samsung.com/hk/smartphones/galaxy-s25-ultra/buy/?modelCode=SM-S9380ZGGTGY,SM-S9380ZGGTGY,"10,898",,,,"10,898",No,S25 Ultra,0,No,S25 Series,0,Check GC amount then Skip,S25 Ultra,350,350,,,,Add to Cart,"10,898.00",,,,,,,,,,Z-EP-T4511XBEGGB-M,,Z-EP-T4511XBEGGB-M,1,"
●  1 x 45W PD Power Adapter T4511 [Z-EP-T4511XBEGGB-M]
",,,,,,,,,,,,,,,,,,,-,,,,,,,,,,,,,,,,,,,,,,,,,,,,,,,,,,,,,,,,,,,,,,,,,,,,,,,,,,,0,,,,,,,,,,,,
,SMP-03,,,,inStock,"Galaxy S25 Ultra, 256GB+12GB, Titanium Jadegreen, exclusive","SM-S9380, 256GB",Y,SM-S9380ZGDTGY,https://www.samsung.com/hk/smartphones/galaxy-s25-ultra/buy/?modelCode=SM-S9380ZGDTGY,SM-S9380ZGDTGY,"9,898",,,,"9,898",No,S25 Ultra,0,No,S25 Series,0,Check GC amount then Skip,S25 Ultra,350,350,,,,Add to Cart,"9,898.00",,,,,,,,,,Z-EP-T4511XBEGGB-M,,Z-EP-T4511XBEGGB-M,1,"
●  1 x 45W PD Power Adapter T4511 [Z-EP-T4511XBEGGB-M]
",,,,,,,,,,,,,,,,,,,-,,,,,,,,,,,,,,,,,,,,,,,,,,,,,,,,,,,,,,,,,,,,,,,,,,,,,,,,,,,0,,,,,,,,,,,,
,SMP-04,,,,inStock,"Galaxy S25+, 512GB+12GB, Blueblack, exclusive","SM-S9360, 512GB",Y,SM-S9360ZKGTGY,https://www.samsung.com/hk/smartphones/galaxy-s25/buy/?modelCode=SM-S9360ZKGTGY,SM-S9360ZKGTGY,"8,598",,,,"8,598",Yes,S25+,500,Yes,S25 Series,998,Use GC,S25+,300,300,,,,Add to Cart,"8,598.00",,,,,,,,,,,,,0,"
",,,,,,,,,,,,,,,,,,,-,,,,,,,,,,,,,,,,,,,,,,,,,,,,,,,,,,,,,,,,,,,,,,,,,,,,,,,,,,,0,,,,,,,,,,,,
,SMP-05,,,,inStock,"Galaxy S25+, 256GB+12GB, Blueblack, exclusive","SM-S9360, 256GB",Y,SM-S9360ZKDTGY,https://www.samsung.com/hk/smartphones/galaxy-s25/buy/?modelCode=SM-S9360ZKDTGY,SM-S9360ZKDTGY,"7,598",,,,"7,598",No,S25+,0,No,S25 Series,0,Check GC amount then Skip,S25+,300,300,,,,Add to Cart,"7,598.00",,,,,,,,,,Z-EP-T4511XBEGGB-M,,Z-EP-T4511XBEGGB-M,1,"
●  1 x 45W PD Power Adapter T4511 [Z-EP-T4511XBEGGB-M]
",,,,,,,,,,,,,,,,,,,-,,,,,,,,,,,,,,,,,,,,,,,,,,,,,,,,,,,,,,,,,,,,,,,,,,,,,,,,,,,0,,,,,,,,,,,,
,SMP-06,,,,inStock,"Galaxy S25, 512GB+8GB, Blueblack, exclusive","SM-S9310, 512GB",Y,SM-S9310ZKHTGY,https://www.samsung.com/hk/smartphones/galaxy-s25/buy/?modelCode=SM-S9310ZKHTGY,SM-S9310ZKHTGY,"6,898",,,,"6,898",Yes,S25,300,Yes,S25 Series,998,Use GC,S25 base,300,300,,,,Add to Cart,"6,898.00",,,,,,,,,,,,,0,"
",,,,,,,,,,,,,,,,,,,-,,,,,,,,,,,,,,,,,,,,,,,,,,,,,,,,,,,,,,,,,,,,,,,,,,,,,,,,,,,0,,,,,,,,,,,,
,SMP-07,,,,inStock,"Galaxy S25, 256GB+8GB, Blueblack, exclusive","SM-S9310, 256GB",Y,SM-S9310ZKGTGY,https://www.samsung.com/hk/smartphones/galaxy-s25/buy/?modelCode=SM-S9310ZKGTGY,SM-S9310ZKGTGY,"5,898",,,,"5,898",No,S25,0,No,S25 Series,0,Check GC amount then Skip,S25 base,300,300,,,,Add to Cart,"5,898.00",,,,,,,,,,Z-EP-T4511XBEGGB-M,,Z-EP-T4511XBEGGB-M,1,"
●  1 x 45W PD Power Adapter T4511 [Z-EP-T4511XBEGGB-M]
",,,,,,,,,,,,,,,,,,,-,,,,,,,,,,,,,,,,,,,,,,,,,,,,,,,,,,,,,,,,,,,,,,,,,,,,,,,,,,,0,,,,,,,,,,,,
,SMP-08,,,,Unavailable,"Galaxy Z Fold6, 1TB+12GB, Crafted Black (eStore)","SM-F9560, 1TB",Y,SM-F9560AKHTGY,https://www.samsung.com/hk/smartphones/galaxy-z-fold6/buy/?modelCode=SM-F9560AKHTGY,SM-F9560AKHTGY,"17,398",,Guest,,"17,398",Yes,Z Fold6,"1,000",Yes,Z Fold6,"1,798",Use GC,Z Fold6,500,500,,,,Add to Cart,"17,398.00",,Z-EP-T4511XBEGGB-M,,,,,,,,,,Z-EP-T4511XBEGGB-M,1,"
●  1 x 45W PD Power Adapter T4511 [Z-EP-T4511XBEGGB-M]
",,,,,End of Test,Guest or Login,"●  Home delivery
●  Store pickup
●  SF Express","1.  Select Home Delivery
2.  City = HK
3.  District=Shatin","Verify dispatch date 
= tomorrow's date (current time <2pm)
= day after tomorrow (current time >=2pm)",,,,,,,,,,-,,,,,,,,,,,,,,,,,,,,,,,,,,,,,,,,,,,,,,,,,,,,,,,,,,,,,,,,,,,0,,,,,,,,,,,,
,SMP-09,,,,Unavailable,"Galaxy Z Fold6, 1TB+12GB, Silver Shadow","SM-F9560, 1TB",Y,SM-F9560ZSHTGY,https://www.samsung.com/hk/smartphones/galaxy-z-fold6/buy/?modelCode=SM-F9560ZSHTGY,SM-F9560ZSHTGY,"17,398",,Guest,,"17,398",No,Z Fold6,0,No,Z Fold6,0,Use GC,Z Fold6,500,500,,,,Add to Cart,"17,398.00",,Z-EP-T4511XBEGGB-M,,,,,,,,,,Z-EP-T4511XBEGGB-M,1,"
●  1 x 45W PD Power Adapter T4511 [Z-EP-T4511XBEGGB-M]
",,,,,End of Test,,,,,,,,,,,,,,-,,,,,,,,,,,,,,,,,,,,,,,,,,,,,,,,,,,,,,,,,,,,,,,,,,,,,,,,,,,0,,,,,,,,,,,,
,SMP-10,,,,inStock,"Galaxy Z Fold6, 512GB+12GB, Crafted Black (eStore)","SM-F9560, 512GB",Y,SM-F9560AKGTGY,https://www.samsung.com/hk/smartphones/galaxy-z-fold6/buy/?modelCode=SM-F9560AKGTGY,SM-F9560AKGTGY,"15,398",,Guest,,"15,398",No,Z Fold6,0,No,Z Fold6,0,Check GC amount then Skip,Z Fold6,500,500,,,,Add to Cart,"15,398.00",,Z-EP-T4511XBEGGB-M,,,,,,,,,,Z-EP-T4511XBEGGB-M,1,"
●  1 x 45W PD Power Adapter T4511 [Z-EP-T4511XBEGGB-M]
",,,,,End of Test,Guest or Login,"●  Home delivery
●  Store pickup
●  SF Express","1.  Select Home Delivery
2.  City = Macau
3.  District=Macau Peninsula","Verify dispatch date 
= today + 3 days (current time <2pm)
= today + 4 days (current time >=2pm)",,,,,,,,,,-,,,,,,,,,,,,,,,,,,,,,,,,,,,,,,,,,,,,,,,,,,,,,,,,,,,,,,,,,,,0,,,,,,,,,,,,
,SMP-11,,,,OOS (Blocked),"Galaxy Z Fold6, 512GB+12GB, Navy","SM-F9560, 512GB",Y,SM-F9560DBGTGY,https://www.samsung.com/hk/smartphones/galaxy-z-fold6/buy/?modelCode=SM-F9560DBGTGY,SM-F9560DBGTGY,"15,398",,Guest,,"15,398",No,Z Fold6,0,No,Z Fold6,0,Check GC amount then Skip,Z Fold6,500,500,,,,Add to Cart,"15,398.00",,Z-EP-T4511XBEGGB-M,,,,,,,,,,Z-EP-T4511XBEGGB-M,1,"
●  1 x 45W PD Power Adapter T4511 [Z-EP-T4511XBEGGB-M]
",,,,,End of Test,,,,,,,,,,,,,,-,,,,,,,,,,,,,,,,,,,,,,,,,,,,,,,,,,,,,,,,,,,,,,,,,,,,,,,,,,,0,,,,,,,,,,,,
,SMP-12,,,,inStock,"Galaxy Z Fold6, 256GB+12GB, Crafted Black (eStore)","SM-F9560, 256GB",Y,SM-F9560AKDTGY,https://www.samsung.com/hk/smartphones/galaxy-z-fold6/buy/?modelCode=SM-F9560AKDTGY,SM-F9560AKDTGY,"14,398",,Guest,,"14,398",No,Z Fold6,0,No,Z Fold6,0,Check GC amount then Skip,Z Fold6,500,500,,,,Add to Cart,"14,398.00",,Z-EP-T4511XBEGGB-M,,,,,,,,,,Z-EP-T4511XBEGGB-M,1,"
●  1 x 45W PD Power Adapter T4511 [Z-EP-T4511XBEGGB-M]
",,,,,End of Test,Guest or Login,"●  Home delivery
●  Store pickup
●  SF Express","1.  Select Store Pickup
2.  Select the last store 
3.  Select 資料移轉 / 安心使用 / 交機服務","1.  Verify total 11 stores available
2.  Verify no delivery date is shown
3.  Verify can select these services",,,,,,,,,,-,,,,,,,,,,,,,,,,,,,,,,,,,,,,,,,,,,,,,,,,,,,,,,,,,,,,,,,,,,,0,,,,,,,,,,,,
,SMP-13,,,,inStock,"Galaxy Z Fold6, 256GB+12GB, Pink","SM-F9560, 256GB",Y,SM-F9560LIDTGY,https://www.samsung.com/hk/smartphones/galaxy-z-fold6/buy/?modelCode=SM-F9560LIDTGY,SM-F9560LIDTGY,"14,398",,Guest,,"14,398",No,Z Fold6,0,No,Z Fold6,0,Check GC amount then Skip,Z Fold6,500,500,,,,Add to Cart,"14,398.00",,Z-EP-T4511XBEGGB-M,,,,,,,,,,Z-EP-T4511XBEGGB-M,1,"
●  1 x 45W PD Power Adapter T4511 [Z-EP-T4511XBEGGB-M]
",,,,,End of Test,,,,,,,,,,,,,,-,,,,,,,,,,,,,,,,,,,,,,,,,,,,,,,,,,,,,,,,,,,,,,,,,,,,,,,,,,,0,,,,,,,,,,,,
,SMP-14,,,,inStock,"Galaxy Z Flip6, 512GB+12GB, Crafted Black (eStore)","SM-F7410, 512GB",Y,SM-F7410AKETGY,https://www.samsung.com/hk/smartphones/galaxy-z-flip6/buy/?modelCode=SM-F7410AKETGY,SM-F7410AKETGY,"9,698",,Guest,,"9,698",Yes,Z Flip6,500,Yes,Z Flip6,998,Use GC,Z Flip6,500,500,,,,Add to Cart,"9,698.00",,Z-EF-ZF741CWEGWW-M,,,,,,,,,,Z-EF-ZF741CWEGWW-M,1,"
●  1 x  Galaxy Z Flip6 Flipsuit Case [Z-EF-ZF741CWEGWW-M]
",,,,,End of Test,Guest or Login,"●  Home delivery
●  Store pickup
●  SF Express","1.  Select SF Express
2.  Filter for Kwai Tsing
3.  Filter for Kwai Chung
4.  Select the last SF location","1-3.  Verify the SF filters are selectable
4.  Verify the Kwai Chung SF locations are returned and can select the last option",,,,,,,,,,-,,,,,,,,,,,,,,,,,,,,,,,,,,,,,,,,,,,,,,,,,,,,,,,,,,,,,,,,,,,0,,,,,,,,,,,,
,SMP-15,,,,inStock,"Galaxy Z Flip6, 512GB+12GB, Silver Shadow","SM-F7410, 512GB",Y,SM-F7410ZSETGY,https://www.samsung.com/hk/smartphones/galaxy-z-flip6/buy/?modelCode=SM-F7410ZSETGY,SM-F7410ZSETGY,"9,698",,Guest,,"9,698",No,Z Flip6,0,No,Z Flip6,0,Check GC amount then Skip,Z Flip6,500,500,,,,Add to Cart,"9,698.00",,Z-EF-ZF741CWEGWW-M,,,,,,,,,,Z-EF-ZF741CWEGWW-M,1,"
●  1 x  Galaxy Z Flip6 Flipsuit Case [Z-EF-ZF741CWEGWW-M]
",,,,,End of Test,Guest or Login,"●  Home delivery
●  Store pickup
●  SF Express","1.  Select SF Express
2.  Filter for Kwai Tsing
3.  Filter for Kwai Chung
4.  Select the last SF location","1-3.  Verify the SF filters are selectable
4.  Verify the Kwai Chung SF locations are returned and can select the last option",,,,,,,,,,-,,,,,,,,,,,,,,,,,,,,,,,,,,,,,,,,,,,,,,,,,,,,,,,,,,,,,,,,,,,0,,,,,,,,,,,,
,SMP-16,,,,inStock,"Galaxy Z Flip6, 256GB+12GB, Crafted Black (eStore)","SM-F7410, 256GB",Y,SM-F7410AKATGY,https://www.samsung.com/hk/smartphones/galaxy-z-flip6/buy/?modelCode=SM-F7410AKATGY,SM-F7410AKATGY,"8,698",,Guest,,"8,698",No,Z Flip6,0,No,Z Flip6,0,Check GC amount then Skip,Z Flip6,500,500,,,,Add to Cart,"8,698.00",,Z-EF-ZF741CWEGWW-M,,,,,,,,,,Z-EF-ZF741CWEGWW-M,1,"
●  1 x  Galaxy Z Flip6 Flipsuit Case [Z-EF-ZF741CWEGWW-M]
",,,,,End of Test,Guest or Login,"●  Home delivery
●  Store pickup
●  SF Express","1.  Select SF Express
2.  Filter for Macau
3.  Filter for 黑沙環
4.  Select the last SF location","1-3.  Verify the SF filters are selectable
4.  Verify the 黑沙環 SF locations are returned and can select the last option",,,,,,,,,,-,,,,,,,,,,,,,,,,,,,,,,,,,,,,,,,,,,,,,,,,,,,,,,,,,,,,,,,,,,,0,,,,,,,,,,,,
,SMP-17,,,,inStock,"Galaxy Z Flip6, 256GB+12GB, Silver Shadow","SM-F7410, 256GB",Y,SM-F7410ZSATGY,https://www.samsung.com/hk/smartphones/galaxy-z-flip6/buy/?modelCode=SM-F7410ZSATGY,SM-F7410ZSATGY,"8,698",,Guest,,"8,698",No,Z Flip6,0,No,Z Flip6,0,Check GC amount then Skip,Z Flip6,500,500,,,,Add to Cart,"8,698.00",,Z-EF-ZF741CWEGWW-M,,,,,,,,,,Z-EF-ZF741CWEGWW-M,1,"
●  1 x  Galaxy Z Flip6 Flipsuit Case [Z-EF-ZF741CWEGWW-M]
",,,,,End of Test,,,,,,,,,,,,,,-,,,,,,,,,,,,,,,,,,,,,,,,,,,,,,,,,,,,,,,,,,,,,,,,,,,,,,,,,,,0,,,,,,,,,,,,
,SMP-18,,,,Unavailable,"Galaxy S24 Ultra, 1TB, Titanium Green (eStore)","SM-S9280, 1TB",EOL,SM-S9280LGPTGY,https://www.samsung.com/hk/smartphones/galaxy-s24-ultra/buy/?modelCode=SM-S9280LGPTGY,SM-S9280LGPTGY,"11,998",,Guest,,"11,998",Yes,S24 Ultra,"1,000",Yes,S24 Series,998,Use GC,S24 Ultra,500,500,,,,Add to Cart,"11,998.00",,Z-EP-T4511XBEGGB-M,Z-EF-GS928CUEGWW,,,,,,,,,"Z-EP-T4511XBEGGB-M,Z-EF-GS928CUEGWW",2,"
●  1 x 45W PD Power Adapter T4511 [Z-EP-T4511XBEGGB-M]
●  1 x  Galaxy S24 Ultra Standing Grip Case [Z-EF-GS928CUEGWW]
",,,,,End of Test,,,,,0,,,,,,,,,-,,,,,,,,,,,,,,,,,,,,,,,,,,,,,,,,,,,,,,,,,,,,,,,,,,,,,,,,,,,0,,,,,,,,,,,,
,SMP-19,,,,OOS (Blocked),"Galaxy S24 Ultra, 512GB, Titanium Green (eStore)","SM-S9280, 512GB",Y,SM-S9280LGHTGY,https://www.samsung.com/hk/smartphones/galaxy-s24-ultra/buy/?modelCode=SM-S9280LGHTGY,SM-S9280LGHTGY,"10,098",,Guest,,"10,098",No,S24 Ultra,0,No,S24 Series,0,Check GC amount then Skip,S24 Ultra,500,500,,,,Add to Cart,"10,098.00",,Z-EP-T4511XBEGGB-M,Z-EF-GS928CUEGWW,,,,,,,,,"Z-EP-T4511XBEGGB-M,Z-EF-GS928CUEGWW",2,"
●  1 x 45W PD Power Adapter T4511 [Z-EP-T4511XBEGGB-M]
●  1 x  Galaxy S24 Ultra Standing Grip Case [Z-EF-GS928CUEGWW]
",,,,,End of Test,,,,,0,,,,,,,,,-,,,,,,,,,,,,,,,,,,,,,,,,,,,,,,,,,,,,,,,,,,,,,,,,,,,,,,,,,,,0,,,,,,,,,,,,
,SMP-20,,,,inStock,"Galaxy S24 Ultra, 256GB, Titanium Orange (eStore)","SM-S9280, 256GB",Y,SM-S9280ZOGTGY,https://www.samsung.com/hk/smartphones/galaxy-s24-ultra/buy/?modelCode=SM-S9280ZOGTGY,SM-S9280ZOGTGY,"9,098","8,006",Guest,,"8,006",No,S24 Ultra,0,No,S24 Series,0,Check GC amount then Skip,S24 Ultra,500,500,,,,Add to Cart,"8,006.00",,Z-EP-T4511XBEGGB-M,Z-EF-GS928CUEGWW,,,,,,,,,"Z-EP-T4511XBEGGB-M,Z-EF-GS928CUEGWW",2,"
●  1 x 45W PD Power Adapter T4511 [Z-EP-T4511XBEGGB-M]
●  1 x  Galaxy S24 Ultra Standing Grip Case [Z-EF-GS928CUEGWW]
",,,,,End of Test,,,,,0,,,,,,,,,-,,,,,,,,,,,,,,,,,,,,,,,,,,,,,,,,,,,,,,,,,,,,,,,,,,,,,,,,,,,0,,,,,,,,,,,,
,SMP-21,,,,Unavailable,"Galaxy S24+, 512GB, Sapphire Blue (eStore)","SM-S9260, 512GB",Y,SM-S9260LBGTGY,https://www.samsung.com/hk/smartphones/galaxy-s24/buy/?modelCode=SM-S9260LBGTGY,SM-S9260LBGTGY,"7,798",,Guest,,"7,798",Yes,S24+,0,No,S24 Series,0,Use GC,S24+,500,500,,,,Add to Cart,"7,798.00",,Z-EP-T4511XBEGGB-M,Z-EF-GS926CUEGWW,,,,,,,,,"Z-EP-T4511XBEGGB-M,Z-EF-GS926CUEGWW",2,"
●  1 x 45W PD Power Adapter T4511 [Z-EP-T4511XBEGGB-M]
●  1 x  Galaxy S24+ Standing Grip Case [Z-EF-GS926CUEGWW]
",,,,,End of Test,,,,,0,,,,,,,,,-,,,,,,,,,,,,,,,,,,,,,,,,,,,,,,,,,,,,,,,,,,,,,,,,,,,,,,,,,,,0,,,,,,,,,,,,
,SMP-22,,,,Unavailable,"Galaxy S24+, 256GB, Sapphire Blue (eStore)","SM-S9260, 256GB",Y,SM-S9260LBDTGY,https://www.samsung.com/hk/smartphones/galaxy-s24/buy/?modelCode=SM-S9260LBDTGY,SM-S9260LBDTGY,"6,798",,Guest,,"6,798",No,S24+,0,No,S24 Series,0,Check GC amount then Skip,S24+,500,500,,,,Add to Cart,"6,798.00",,Z-EP-T4511XBEGGB-M,Z-EF-GS926CUEGWW,,,,,,,,,"Z-EP-T4511XBEGGB-M,Z-EF-GS926CUEGWW",2,"
●  1 x 45W PD Power Adapter T4511 [Z-EP-T4511XBEGGB-M]
●  1 x  Galaxy S24+ Standing Grip Case [Z-EF-GS926CUEGWW]
",,,,,End of Test,,,,,0,,,,,,,,,-,,,,,,,,,,,,,,,,,,,,,,,,,,,,,,,,,,,,,,,,,,,,,,,,,,,,,,,,,,,0,,,,,,,,,,,,
,SMP-23,,,,inStock,"Galaxy S24, 512GB, Onyx Black","SM-S9210, 512GB",Y,SM-S9210ZKHTGY,https://www.samsung.com/hk/smartphones/galaxy-s24/buy/?modelCode=SM-S9210ZKHTGY,SM-S9210ZKHTGY,"6,498",,Guest,,"6,498",Yes,S24,0,No,S24 Series,0,Use GC,S24 base,300,300,,,,Add to Cart,"6,498.00",,Z-EP-T4511XBEGGB-M,,,,,,,,,,Z-EP-T4511XBEGGB-M,1,"
●  1 x 45W PD Power Adapter T4511 [Z-EP-T4511XBEGGB-M]
",,,,,End of Test,,,,,0,,,,,,,,,-,,,,,,,,,,,,,,,,,,,,,,,,,,,,,,,,,,,,,,,,,,,,,,,,,,,,,,,,,,,0,,,,,,,,,,,,
,SMP-24,,,,inStock,"Galaxy S24, 256GB, Onyx Black","SM-S9210, 256GB",Y,SM-S9210ZKGTGY,https://www.samsung.com/hk/smartphones/galaxy-s24/buy/?modelCode=SM-S9210ZKGTGY,SM-S9210ZKGTGY,"5,498","4,838",Guest,,"4,838",No,S24,0,No,S24 Series,0,Check GC amount then Skip,S24 base,300,300,,,,Add to Cart,"4,838.00",,Z-EP-T4511XBEGGB-M,,,,,,,,,,Z-EP-T4511XBEGGB-M,1,"
●  1 x 45W PD Power Adapter T4511 [Z-EP-T4511XBEGGB-M]
",,,,,End of Test,,,,,0,,,,,,,,,-,,,,,,,,,,,,,,,,,,,,,,,,,,,,,,,,,,,,,,,,,,,,,,,,,,,,,,,,,,,0,,,,,,,,,,,,
,SMP-25,,,,inStock,"Galaxy S24 FE, Gray, 8+256GB","SM-S7210, 256GB",Y,SM-S7210ZAGTGY,https://www.samsung.com/hk/smartphones/galaxy-s24-fe/buy/?modelCode=SM-S7210ZAGTGY,SM-S7210ZAGTGY,"5,498","5,248",Guest,,"5,248",Yes,S24 FE,400,Yes,S24 FE,398,Use GC,S24 FE,100,100,,,,Add to Cart,"5,248.00",,Z-ITFITT10WE,,,,,,,,,,Z-ITFITT10WE,1,"
●  1 x  ITFIT True Wireless Earphones T10 [Z-ITFITT10WE]
",,,,,End of Test,,,,,,,,,,,,,,-,,,,,,,,,,,,,,,,,,,,,,,,,,,,,,,,,,,,,,,,,,,,,,,,,,,,,,,,,,,0,,,,,,,,,,,,
,SMP-26,,,,Unavailable,"Galaxy A56 5G, 12GB + 256GB, Awesome Graphite","SM-A5660, 256GB",N,SM-A5660ZKDTGY,https://www.samsung.com,SM-A5660ZKDTGY,"3,698",,,,"3,698",,0,0,,0,0,N/A,0,0,0,,,,Add to Cart,"3,698.00",,,,,,,,,,,,,0,"
",,,,,,,,,,,,,,,,,,,-,,,,,,,,,,,,,,,,,,,,,,,,,,,,,,,,,,,,,,,,,,,,,,,,,,,,,,,,,,,0,,,,,,,,,,,,
Michelle,SMP-27,,,,inStock,Galaxy A55 5G 12GB 256GB Awesome Lilac,"SM-A5560, 256GB",N,SM-A5560LVDTGY,https://www.samsung.com/hk/smartphones/galaxy-a/galaxy-a55-5g-awesome-lilac-256gb-sm-a5560lvdtgy/buy/,SM-A5560LVDTGY,"3,698",,Guest,,"3,698",Yes,A55,0,Yes,A55,398,Use GC,A55,100,100,,,,Add to Cart,"3,698.00",,Z-ITFITT10WE,,,,,,EF-ZA556CWEGWW / EF-ZA556CBEGWW / EF-PA556TMEGWW / EF-GA556TBEGWW,,,,"Z-ITFITT10WE,EF-ZA556CWEGWW / EF-ZA556CBEGWW / EF-PA556TMEGWW / EF-GA556TBEGWW",2,"
●  1 x  ITFIT True Wireless Earphones T10 [Z-ITFITT10WE]
●  1 x  A55 Wallet Case - Pick 1 free gift [EF-ZA556CWEGWW / EF-ZA556CBEGWW / EF-PA556TMEGWW / EF-GA556TBEGWW]
",,,,,End of Test,,,,,0,,,,,,,,,-,,,,,,,,,,,,,,,,,,,,,,,,,,,,,,,,,,,,,,,,,,,,,,,,,,,,,,,,,,,0,,,,,,,,,,,,
Michelle,SMP-28,,,,inStock,Galaxy A55 5G 8GB 128GB Awesome Navy,"SM-A5560, 128GB",N,SM-A5560ZKATGY,https://www.samsung.com/hk/smartphones/galaxy-a/galaxy-a55-5g-awesome-navy-128gb-sm-a5560zkatgy/buy/,SM-A5560ZKATGY,"3,298",,Guest,,"3,298",No,A55,0,No,A55,0,Check GC amount then Skip,A55,100,100,,,,Add to Cart,"3,298.00",,Z-ITFITT10WE,,,,,,EF-ZA556CWEGWW / EF-ZA556CBEGWW / EF-PA556TMEGWW / EF-GA556TBEGWW,,,,"Z-ITFITT10WE,EF-ZA556CWEGWW / EF-ZA556CBEGWW / EF-PA556TMEGWW / EF-GA556TBEGWW",2,"
●  1 x  ITFIT True Wireless Earphones T10 [Z-ITFITT10WE]
●  1 x  A55 Wallet Case - Pick 1 free gift [EF-ZA556CWEGWW / EF-ZA556CBEGWW / EF-PA556TMEGWW / EF-GA556TBEGWW]
",,,,,End of Test,,,,,,,,,,,,,,-,,,,,,,,,,,,,,,,,,,,,,,,,,,,,,,,,,,,,,,,,,,,,,,,,,,,,,,,,,,0,,,,,,,,,,,,
,SMP-29,,,,Unavailable,"Galaxy A36 5G, 8GB + 256GB, Awesome Black","SM-A3660, 256GB",N,SM-A3660ZKGTGY,https://www.samsung.com,SM-A3660ZKGTGY,"2,998",,,,"2,998",,0,0,,0,0,N/A,0,0,0,,,,Add to Cart,"2,998.00",,,,,,,,,,,,,0,"
",,,,,,,,,,,,,,,,,,,-,,,,,,,,,,,,,,,,,,,,,,,,,,,,,,,,,,,,,,,,,,,,,,,,,,,,,,,,,,,0,,,,,,,,,,,,
,SMP-30,,,,Unavailable,"Galaxy A36 5G, 8GB + 128GB, Awesome Black","SM-A3660, 128GB",N,SM-A3660ZKDTGY,https://www.samsung.com,SM-A3660ZKDTGY,"2,698",,,,"2,698",,0,0,,0,0,N/A,0,0,0,,,,Add to Cart,"2,698.00",,,,,,,,,,,,,0,"
",,,,,,,,,,,,,,,,,,,-,,,,,,,,,,,,,,,,,,,,,,,,,,,,,,,,,,,,,,,,,,,,,,,,,,,,,,,,,,,0,,,,,,,,,,,,
,SMP-31,,,,inStock,Galaxy A35 5G 8GB 256GB Awesome Iceblue,"SM-A3560, 256GB",N,SM-A3560LBGTGY,https://www.samsung.com/hk/smartphones/galaxy-a/galaxy-a35-5g-awesome-iceblue-256gb-sm-a3560lbgtgy/buy/,SM-A3560LBGTGY,"2,998","2,698",Guest,,"2,698",Yes,A35,0,Yes,A35,398,Use GC,A35,100,100,,,,Add to Cart,"2,698.00",,Z-ITFITT10WE,,,,,,,,,,Z-ITFITT10WE,1,"
●  1 x  ITFIT True Wireless Earphones T10 [Z-ITFITT10WE]
",,,,,End of Test,,,,,,,,,,,,,,-,,,,,,,,,,,,,,,,,,,,,,,,,,,,,,,,,,,,,,,,,,,,,,,,,,,,,,,,,,,0,,,,,,,,,,,,
,SMP-32,,,,inStock,Galaxy A35 5G 8GB 128GB Awesome Navy,"SM-A3560, 128GB",N,SM-A3560ZKDTGY,https://www.samsung.com/hk/smartphones/galaxy-a/galaxy-a35-5g-awesome-navy-128gb-sm-a3560zkdtgy/buy/,SM-A3560ZKDTGY,"2,698","2,428",Guest,,"2,428",No,A35,0,No,A35,0,Check GC amount then Skip,A35,100,100,,,,Add to Cart,"2,428.00",,Z-ITFITT10WE,,,,,,,,,,Z-ITFITT10WE,1,"
●  1 x  ITFIT True Wireless Earphones T10 [Z-ITFITT10WE]
",,,,,End of Test,,,,,,,,,,,,,,-,,,,,,,,,,,,,,,,,,,,,,,,,,,,,,,,,,,,,,,,,,,,,,,,,,,,,,,,,,,0,,,,,,,,,,,,
,SMP-33,,,,inStock,Galaxy A16 5G (6GB + 128GB) Blue Black (Main Color),"SM-A1660, 128GB",N,SM-A1660ZKGTGY,https://www.samsung.com/hk/smartphones/galaxy-a/galaxy-a16-5g-blue-black-128gb-sm-a1660zkgtgy/buy/,SM-A1660ZKGTGY,"1,598",,,,"1,598",No,A16,0,No,A16,0,N/A,,0,0,,,,Add to Cart,"1,598.00",,Z-ITFITT10WE,,,,,,,,,,Z-ITFITT10WE,1,"
●  1 x  ITFIT True Wireless Earphones T10 [Z-ITFITT10WE]
",,,,,End of Test,,,,,,,,,,,,,,-,,,,,,,,,,,,,,,,,,,,,,,,,,,,,,,,,,,,,,,,,,,,,,,,,,,,,,,,,,,0,,,,,,,,,,,,
,SMP-34,,,,inStock,Galaxy A165G (8GB + 256GB) Blue Black (Main Color),"SM-A1660, 256GB",N,SM-A1660ZKITGY,https://www.samsung.com/hk/smartphones/galaxy-a/galaxy-a16-5g-blue-black-256gb-sm-a1660zkitgy/buy/,SM-A1660ZKITGY,"1,998",,,,"1,998",No,A16,0,No,A16,0,N/A,,0,0,,,,Add to Cart,"1,998.00",,Z-ITFITT10WE,,,,,,,,,,Z-ITFITT10WE,1,"
●  1 x  ITFIT True Wireless Earphones T10 [Z-ITFITT10WE]
",,,,,End of Test,,,,,,,,,,,,,,-,,,,,,,,,,,,,,,,,,,,,,,,,,,,,,,,,,,,,,,,,,,,,,,,,,,,,,,,,,,0,,,,,,,,,,,,
,SMP-35,,,,,Galaxy A15 5G,"SM-A1560, 128GB",EOL,SM-A1560ZBGTGY,https://www.samsung.com/hk/smartphones/galaxy-a/galaxy-a15-5g-blue-128gb-sm-a1560zbgtgy/buy/,SM-A1560ZBGTGY,0,0,Guest,,0,No,0,0,No,0,0,N/A,0,0,0,,,,Add to Cart,0.00,,,,,,,,,,,,,0,"
",,,,,End of Test,,,,,0,,,,,,,,,-,,,,,,,,,,,,,,,,,,,,,,,,,,,,,,,,,,,,,,,,,,,,,,,,,,,,,,,,,,,0,,,,,,,,,,,,
,SMP-36,,,,,Galaxy A25 5G,"SM-A2560, 256GB",EOL,SM-A2560ZYDTGY,https://www.samsung.com/hk/smartphones/galaxy-a/galaxy-a25-5g-yellow-128gb-sm-a2560zydtgy/buy/,SM-A2560ZYDTGY,0,0,Guest,,0,No,0,0,No,0,0,N/A,0,0,0,,,,Add to Cart,0.00,,,,,,,,,,,,,0,"
",,,,,End of Test,,,,,0,,,,,,,,,-,,,,,,,,,,,,,,,,,,,,,,,,,,,,,,,,,,,,,,,,,,,,,,,,,,,,,,,,,,,0,,,,,,,,,,,,
,SMP-37,,,,,Galaxy XCover6 Pro,"SM-G736B/DS, 128GB",EOL,SM-G736BZKDTGY,https://www.samsung.com/hk/smartphones/others/galaxy-xcover6-pro-black-128gb-sm-g736bzkdtgy/buy/,SM-G736BZKDTGY,0,0,,,0,No,0,0,No,0,0,N/A,0,0,0,,,,Add to Cart,0.00,,,,,,,,,,,,,0,"
",,,,,End of Test,,,,,,,,,,,,,,-,,,,,,,,,,,,,,,,,,,,,,,,,,,,,,,,,,,,,,,,,,,,,,,,,,,,,,,,,,,0,,,,,,,,,,,,
,TAB,,,,,,,-,,,,0,0,,,0,,0,0,,0,0,N/A,0,0,0,,,,,0.00,,,,,,,,,,,,,0,"
",,,,,,,,,,,,,,,,,,,,,,,,,,,,,,,,,,,,,,,,,,,,,,,,,,,,,,,,,,,,,,,,,,,,,,,,,,,,,,0,,,,,,,,,,,,
Michelle,TAB-01,,,,inStock,"Galaxy Tab S10+ Wifi, 12GB+256GB, Moonstone Gray","SM-X820, 256GB",Y,SM-X820NZAATGY,https://www.samsung.com/hk/tablets/galaxy-tab-s10/buy/?modelCode=SM-X820NZAATGY,SM-X820NZAATGY,"7,888","7,388",,,"7,388",Yes,Tab S10+ 256GB,"1,000",Yes,Tab S10+,798,Use GC,Tab S10 series,500,500,,,,Add to Cart,"7,388.00",,Z-EF-DX820UBEGWW-M,Z-SM-R400NZWATGY,,,,,Z-ITFITEX40,,,,"Z-EF-DX820UBEGWW-M,Z-SM-R400NZWATGY,Z-ITFITEX40",3,"
●  1 x  Galaxy Tab S10+  Book Cover Keyboard Slim - AI Key Black [Z-EF-DX820UBEGWW-M]
●  1 x  Galaxy Buds FE [Z-SM-R400NZWATGY]
●  1 x  ITFIT Travel Kit with adapter [Z-ITFITEX40]
",,,,,End of Test,,,,,,,,,,,,,,-,,,,,,,,,,,,,,,,,,,,,,,,,,,,,,,,,,,,,,,,,,,,,,,,,,,,,,,,,,,0,,,,,,,,,,,,
Michelle,TAB-02,,,,inStock,"Galaxy Tab S10+ Wifi, 12GB+512GB, Moonstone Gray","SM-X820, 512GB",Y,SM-X820NZAETGY,https://www.samsung.com/hk/tablets/galaxy-tab-s10/buy/?modelCode=SM-X820NZAETGY,SM-X820NZAETGY,"8,788","8,288",,,"8,288",No,Tab S10+ 512GB,0,No,Tab S10+,0,Check GC amount then Skip,Tab S10 series,500,500,,,,Add to Cart,"8,288.00",,Z-EF-DX820UBEGWW-M,Z-SM-R400NZWATGY,,,,,Z-ITFITEX40,,,,"Z-EF-DX820UBEGWW-M,Z-SM-R400NZWATGY,Z-ITFITEX40",3,"
●  1 x  Galaxy Tab S10+  Book Cover Keyboard Slim - AI Key Black [Z-EF-DX820UBEGWW-M]
●  1 x  Galaxy Buds FE [Z-SM-R400NZWATGY]
●  1 x  ITFIT Travel Kit with adapter [Z-ITFITEX40]
",,,,,End of Test,,,,,,,,,,,,,,-,,,,,,,,,,,,,,,,,,,,,,,,,,,,,,,,,,,,,,,,,,,,,,,,,,,,,,,,,,,0,,,,,,,,,,,,
Michelle,TAB-03,,,,inStock,"Galaxy Tab S10+ 5G, 12GB+256GB, Moonstone Gray","SM-X826B, 256GB",Y,SM-X826BZAATGY,https://www.samsung.com/hk/tablets/galaxy-tab-s10/buy/?modelCode=SM-X826BZAATGY,SM-X826BZAATGY,"8,988","8,488",,,"8,488",No,Tab S10+ 256GB,0,No,Tab S10+,0,Check GC amount then Skip,Tab S10 series,500,500,,,,Add to Cart,"8,488.00",,Z-EF-DX820UBEGWW-M,Z-SM-R400NZWATGY,,,,,Z-ITFITEX40,,,,"Z-EF-DX820UBEGWW-M,Z-SM-R400NZWATGY,Z-ITFITEX40",3,"
●  1 x  Galaxy Tab S10+  Book Cover Keyboard Slim - AI Key Black [Z-EF-DX820UBEGWW-M]
●  1 x  Galaxy Buds FE [Z-SM-R400NZWATGY]
●  1 x  ITFIT Travel Kit with adapter [Z-ITFITEX40]
",,,,,End of Test,,,,,,,,,,,,,,-,,,,,,,,,,,,,,,,,,,,,,,,,,,,,,,,,,,,,,,,,,,,,,,,,,,,,,,,,,,0,,,,,,,,,,,,
Michelle,TAB-04,,,,inStock,"Galaxy Tab S10+ 5G, 12GB+512GB, Moonstone Gray","SM-X826B, 512GB",Y,SM-X826BZAETGY,https://www.samsung.com/hk/tablets/galaxy-tab-s10/buy/?modelCode=SM-X826BZAETGY,SM-X826BZAETGY,"9,888","9,388",,,"9,388",No,Tab S10+ 512GB,0,No,Tab S10+,0,Check GC amount then Skip,Tab S10 series,500,500,,,,Add to Cart,"9,388.00",,Z-EF-DX820UBEGWW-M,Z-SM-R400NZWATGY,,,,,Z-ITFITEX40,,,,"Z-EF-DX820UBEGWW-M,Z-SM-R400NZWATGY,Z-ITFITEX40",3,"
●  1 x  Galaxy Tab S10+  Book Cover Keyboard Slim - AI Key Black [Z-EF-DX820UBEGWW-M]
●  1 x  Galaxy Buds FE [Z-SM-R400NZWATGY]
●  1 x  ITFIT Travel Kit with adapter [Z-ITFITEX40]
",,,,,End of Test,,,,,,,,,,,,,,-,,,,,,,,,,,,,,,,,,,,,,,,,,,,,,,,,,,,,,,,,,,,,,,,,,,,,,,,,,,0,,,,,,,,,,,,
Michelle,TAB-05,,,,inStock,"Galaxy Tab S10 Ultra Wifi, 12GB+256GB, Moonstone Gray","SM-X920, 256GB",Y,SM-X920NZAATGY,https://www.samsung.com/hk/tablets/galaxy-tab-s10/buy/?modelCode=SM-X920NZAATGY,SM-X920NZAATGY,"9,688","9,188",,,"9,188",Yes,Tab S10 Ultra 256GB,"1,500",Yes,Tab S10 Ultra,"1,098",Use GC,Tab S10 series,500,500,,,,Add to Cart,"9,188.00",,Z-EF-DX920UBEGWW-M,Z-SM-R400NZWATGY,,,,,Z-ITFITEX40,,,,"Z-EF-DX920UBEGWW-M,Z-SM-R400NZWATGY,Z-ITFITEX40",3,"
●  1 x  Galaxy Tab S10U Book Cover Keyboard Slim - AI Key Black [Z-EF-DX920UBEGWW-M]
●  1 x  Galaxy Buds FE [Z-SM-R400NZWATGY]
●  1 x  ITFIT Travel Kit with adapter [Z-ITFITEX40]
",,,,,End of Test,,,,,,,,,,,,,,-,,,,,,,,,,,,,,,,,,,,,,,,,,,,,,,,,,,,,,,,,,,,,,,,,,,,,,,,,,,0,,,,,,,,,,,,
Michelle,TAB-06,,,,inStock,"Galaxy Tab S10 Ultra Wifi, 12GB+512GB, Moonstone Gray","SM-X920, 512GB",Y,SM-X920NZAETGY,https://www.samsung.com/hk/tablets/galaxy-tab-s10/buy/?modelCode=SM-X920NZAETGY,SM-X920NZAETGY,"10,588","10,088",,,"10,088",No,Tab S10 Ultra 512GB,0,No,Tab S10 Ultra,0,Check GC amount then Skip,Tab S10 series,500,500,,,,Add to Cart,"10,088.00",,Z-EF-DX920UBEGWW-M,Z-SM-R400NZWATGY,,,,,Z-ITFITEX40,,,,"Z-EF-DX920UBEGWW-M,Z-SM-R400NZWATGY,Z-ITFITEX40",3,"
●  1 x  Galaxy Tab S10U Book Cover Keyboard Slim - AI Key Black [Z-EF-DX920UBEGWW-M]
●  1 x  Galaxy Buds FE [Z-SM-R400NZWATGY]
●  1 x  ITFIT Travel Kit with adapter [Z-ITFITEX40]
",,,,,End of Test,,,,,,,,,,,,,,-,,,,,,,,,,,,,,,,,,,,,,,,,,,,,,,,,,,,,,,,,,,,,,,,,,,,,,,,,,,0,,,,,,,,,,,,
Michelle,TAB-07,,,,inStock,"Galaxy Tab S10 Ultra Wifi, 12GB+512GB, Platinum Silver (Samsung Exclusive)","SM-X920, 512GB",Y,SM-X920NZSETGY,https://www.samsung.com/hk/tablets/galaxy-tab-s10/buy/?modelCode=SM-X920NZSETGY,SM-X920NZSETGY,"10,588","10,088",,,"10,088",No,Tab S10 Ultra 512GB,0,No,Tab S10 Ultra,0,Check GC amount then Skip,Tab S10 series,500,500,,,,Add to Cart,"10,088.00",,Z-EF-DX920UBEGWW-M,Z-SM-R400NZWATGY,,,,,Z-ITFITEX40,,,,"Z-EF-DX920UBEGWW-M,Z-SM-R400NZWATGY,Z-ITFITEX40",3,"
●  1 x  Galaxy Tab S10U Book Cover Keyboard Slim - AI Key Black [Z-EF-DX920UBEGWW-M]
●  1 x  Galaxy Buds FE [Z-SM-R400NZWATGY]
●  1 x  ITFIT Travel Kit with adapter [Z-ITFITEX40]
",,,,,End of Test,,,,,,,,,,,,,,-,,,,,,,,,,,,,,,,,,,,,,,,,,,,,,,,,,,,,,,,,,,,,,,,,,,,,,,,,,,0,,,,,,,,,,,,
Michelle,TAB-08,,,,inStock,"Galaxy Tab S10 Ultra Wifi, 16GB+1TB, Moonstone Gray (Online Exclusive)","SM-X920, 1TB",Y,SM-X920NZAITGY,https://www.samsung.com/hk/tablets/galaxy-tab-s10/buy/?modelCode=SM-X920NZAITGY,SM-X920NZAITGY,"12,588","12,088",,,"12,088",No,Tab S10 Ultra 1TB,0,No,Tab S10 Ultra,0,Check GC amount then Skip,Tab S10 series,500,500,,,,Add to Cart,"12,088.00",,Z-EF-DX920UBEGWW-M,Z-SM-R400NZWATGY,,,,,Z-ITFITEX40,,,,"Z-EF-DX920UBEGWW-M,Z-SM-R400NZWATGY,Z-ITFITEX40",3,"
●  1 x  Galaxy Tab S10U Book Cover Keyboard Slim - AI Key Black [Z-EF-DX920UBEGWW-M]
●  1 x  Galaxy Buds FE [Z-SM-R400NZWATGY]
●  1 x  ITFIT Travel Kit with adapter [Z-ITFITEX40]
",,,,,End of Test,,,,,,,,,,,,,,-,,,,,,,,,,,,,,,,,,,,,,,,,,,,,,,,,,,,,,,,,,,,,,,,,,,,,,,,,,,0,,,,,,,,,,,,
Michelle,TAB-09,,,,inStock,"Galaxy Tab S10 Ultra 5G, 12GB+256GB, Moonstone Gray","SM-X926B, 256GB",Y,SM-X926BZAATGY,https://www.samsung.com/hk/tablets/galaxy-tab-s10/buy/?modelCode=SM-X926BZAATGY,SM-X926BZAATGY,"10,788","10,288",,,"10,288",No,Tab S10 Ultra 256GB,0,No,Tab S10 Ultra,0,Check GC amount then Skip,Tab S10 series,500,500,,,,Add to Cart,"10,288.00",,Z-EF-DX920UBEGWW-M,Z-SM-R400NZWATGY,,,,,Z-ITFITEX40,,,,"Z-EF-DX920UBEGWW-M,Z-SM-R400NZWATGY,Z-ITFITEX40",3,"
●  1 x  Galaxy Tab S10U Book Cover Keyboard Slim - AI Key Black [Z-EF-DX920UBEGWW-M]
●  1 x  Galaxy Buds FE [Z-SM-R400NZWATGY]
●  1 x  ITFIT Travel Kit with adapter [Z-ITFITEX40]
",,,,,End of Test,,,,,,,,,,,,,,-,,,,,,,,,,,,,,,,,,,,,,,,,,,,,,,,,,,,,,,,,,,,,,,,,,,,,,,,,,,0,,,,,,,,,,,,
Michelle,TAB-10,,,,inStock,"Galaxy Tab S10 Ultra 5G, 12GB+256GB, Platinum Silver (Samsung Exclusive)","SM-X926B, 256GB",Y,SM-X926BZSATGY,https://www.samsung.com/hk/tablets/galaxy-tab-s10/buy/?modelCode=SM-X926BZSATGY,SM-X926BZSATGY,"10,788","10,288",,,"10,288",No,Tab S10 Ultra 256GB,0,No,Tab S10 Ultra,0,Check GC amount then Skip,Tab S10 series,500,500,,,,Add to Cart,"10,288.00",,Z-EF-DX920UBEGWW-M,Z-SM-R400NZWATGY,,,,,Z-ITFITEX40,,,,"Z-EF-DX920UBEGWW-M,Z-SM-R400NZWATGY,Z-ITFITEX40",3,"
●  1 x  Galaxy Tab S10U Book Cover Keyboard Slim - AI Key Black [Z-EF-DX920UBEGWW-M]
●  1 x  Galaxy Buds FE [Z-SM-R400NZWATGY]
●  1 x  ITFIT Travel Kit with adapter [Z-ITFITEX40]
",,,,,End of Test,,,,,,,,,,,,,,-,,,,,,,,,,,,,,,,,,,,,,,,,,,,,,,,,,,,,,,,,,,,,,,,,,,,,,,,,,,0,,,,,,,,,,,,
Michelle,TAB-11,,,,inStock,"Galaxy Tab S10 Ultra 5G, 12GB+512GB, Moonstone Gray","SM-X926B, 512GB",Y,SM-X926BZAETGY,https://www.samsung.com/hk/tablets/galaxy-tab-s10/buy/?modelCode=SM-X926BZAETGY,SM-X926BZAETGY,"11,688","11,188",,,"11,188",Yes,Tab S10 Ultra 512GB,"1,500",No,Tab S10 Ultra,0,Check GC amount then Skip,Tab S10 series,500,500,,,,Add to Cart,"11,188.00",,Z-EF-DX920UBEGWW-M,Z-SM-R400NZWATGY,,,,,Z-ITFITEX40,,,,"Z-EF-DX920UBEGWW-M,Z-SM-R400NZWATGY,Z-ITFITEX40",3,"
●  1 x  Galaxy Tab S10U Book Cover Keyboard Slim - AI Key Black [Z-EF-DX920UBEGWW-M]
●  1 x  Galaxy Buds FE [Z-SM-R400NZWATGY]
●  1 x  ITFIT Travel Kit with adapter [Z-ITFITEX40]
",,,,,End of Test,,,,,,,,,,,,,,-,,,,,,,,,,,,,,,,,,,,,,,,,,,,,,,,,,,,,,,,,,,,,,,,,,,,,,,,,,,0,,,,,,,,,,,,
,TAB-12,,,,inStock,"Galaxy Tab S9, 8GB+128, Graphite","SM-X710, 128GB",Y,SM-X710NZAATGY,https://www.samsung.com/hk/tablets/galaxy-tab-s9/buy/?modelCode=SM-X710NZAATGY,SM-X710NZAATGY,"5,888","5,388",Guest,,"5,388",Yes,Tab S9,"1,000",Yes,"Tab S9, S9+",798,Use GC,Tab S9 Series,200,200,,,,Add to Cart,"5,388.00",,Z-SM-R400NZWATGY,Z-EF-DX720UBEGWW-M,,,,,,,,,"Z-SM-R400NZWATGY,Z-EF-DX720UBEGWW-M",2,"
●  1 x  Galaxy Buds FE [Z-SM-R400NZWATGY]
●  1 x  Galaxy Tab S10 Book Cover Keyboard Slim - AI Key Black [Z-EF-DX720UBEGWW-M]
",Z-EF-BX710PBEGWW,,,,End of Test,,,,,0,,,,,,,,,-,,,,,,,,,,,,,,,,,,,,,,,,,,,,,,,,,,,,,,,,,,,,,,,,,,,,,,,,,,,0,,,,,,,,,,,,
,TAB-13,,,,inStock,"Galaxy Tab S9 (5G), 8GB+128, Graphite (NSP)","SM-X716B, 128GB",Y,SM-X716BZAATGY,https://www.samsung.com/hk/tablets/galaxy-tab-s9/buy/?modelCode=SM-X716BZAATGY,SM-X716BZAATGY,"6,988","6,488",Guest,,"6,488",No,Tab S9,0,No,"Tab S9, S9+",0,Check GC amount then Skip,Tab S9 Series,200,200,,,,Add to Cart,"6,488.00",,Z-SM-R400NZWATGY,Z-EF-DX720UBEGWW-M,,,,,,,,,"Z-SM-R400NZWATGY,Z-EF-DX720UBEGWW-M",2,"
●  1 x  Galaxy Buds FE [Z-SM-R400NZWATGY]
●  1 x  Galaxy Tab S10 Book Cover Keyboard Slim - AI Key Black [Z-EF-DX720UBEGWW-M]
",Z-EF-BX710PBEGWW,,,,End of Test,,,,,,,,,,,,,,-,,,,,,,,,,,,,,,,,,,,,,,,,,,,,,,,,,,,,,,,,,,,,,,,,,,,,,,,,,,0,,,,,,,,,,,,
,TAB-14,,,,Unavailable,"Galaxy Tab S9+, 12GB+256, Graphite","SM-X810, 256GB",EOL,SM-X810NZAATGY,https://www.samsung.com/hk/tablets/galaxy-tab-s/galaxy-tab-s9-plus-wi-fi-graphite-256gb-sm-x810nzaatgy/buy/,SM-X810NZAATGY,"7,888",,Guest,,"7,888",No,Tab S9+,0,No,"Tab S9, S9+",0,Check GC amount then Skip,Tab S9 Series,200,200,,,,Add to Cart,"7,888.00",,,,,,,,,,,,,0,"
",Z-EF-BX810PBEGWW,,,,End of Test,,,,,0,,,,,,,,,-,,,,,,,,,,,,,,,,,,,,,,,,,,,,,,,,,,,,,,,,,,,,,,,,,,,,,,,,,,,0,,,,,,,,,,,,
,TAB-15,,,,Unavailable,"Galaxy Tab S9 Ultra, 16GB+1TB, Graphite (Estore)","SM-X910, 1TB",EOL,SM-X910NZAITGY,https://www.samsung.com/hk/tablets/galaxy-tab-s/galaxy-tab-s9-ultra-wi-fi-graphite-1tb-sm-x910nzaitgy/buy/,SM-X910NZAITGY,"12,588",,Guest,,"12,588",No,Tab S9 Ultra,0,No,Tab S9 Ultra,0,Check GC amount then Skip,Tab S9 Series,200,200,,,,Add to Cart,"12,588.00",,,,,,,,,,,,,0,"
",Z-EF-BX810PBEGWW,,,,End of Test,,,,,,,,,,,,,,-,,,,,,,,,,,,,,,,,,,,,,,,,,,,,,,,,,,,,,,,,,,,,,,,,,,,,,,,,,,0,,,,,,,,,,,,
,TAB-16,,,,Unavailable,"Galaxy Tab S9 Ultra, 12GB+256, Graphite","SM-X910, 256GB",EOL,SM-X910NZAATGY,https://www.samsung.com/hk/tablets/galaxy-tab-s/galaxy-tab-s9-ultra-wi-fi-graphite-256gb-sm-x910nzaatgy/buy/,SM-X910NZAATGY,"9,688",,Guest,,"9,688",No,Tab S9 Ultra,0,No,Tab S9 Ultra,0,Check GC amount then Skip,Tab S9 Series,200,200,,,,Add to Cart,"9,688.00",,,,,,,,,,,,,0,"
",Z-EF-BX910PBEGWW,,,,End of Test,,,,,0,,,,,,,,,-,,,,,,,,,,,,,,,,,,,,,,,,,,,,,,,,,,,,,,,,,,,,,,,,,,,,,,,,,,,0,,,,,,,,,,,,
,TAB-17,,,,Unavailable,"Galaxy Tab S9 Ultra (5G), 12GB+256, Graphite","SM-X916B, 256GB",EOL,SM-X916BZAATGY,https://www.samsung.com/hk/tablets/galaxy-tab-s/galaxy-tab-s9-ultra-5g-graphite-256gb-sm-x916bzaatgy/buy/,SM-X916BZAATGY,"10,788",,Guest,,"10,788",No,Tab S9 Ultra,0,No,Tab S9 Ultra,0,Check GC amount then Skip,Tab S9 Series,200,200,,,,Add to Cart,"10,788.00",,,,,,,,,,,,,0,"
",Z-EF-BX910PBEGWW,,,,End of Test,,,,,,,,,,,,,,-,,,,,,,,,,,,,,,,,,,,,,,,,,,,,,,,,,,,,,,,,,,,,,,,,,,,,,,,,,,0,,,,,,,,,,,,
,TAB-18,,,,inStock,"Galaxy Tab S9 FE, Wi-Fi, MINT","SM-X510, ",Y,SM-X510NLGATGY,https://www.samsung.com/hk/tablets/galaxy-tab-s9-fe/buy/?modelCode=SM-X510NLGATGY,SM-X510NLGATGY,"3,388","3,088",Guest,,"3,088",No,Tab S9 FE,0,No,Tab S9 FE,0,Use GC,Tab S9 FE series,200,200,,,,Add to Cart,"3,088.00",,Z-ITFITCS9FEGY,Z-EP-T6530NBEGGB,,,,,,,,,"Z-ITFITCS9FEGY,Z-EP-T6530NBEGGB",2,"
●  1 x  ITFIT Bookcover [Z-ITFITCS9FEGY]
●  1 x  65W Power Adapter [Z-EP-T6530NBEGGB]
",,,,,End of Test,,,,,0,,,,,,,,,-,,,,,,,,,,,,,,,,,,,,,,,,,,,,,,,,,,,,,,,,,,,,,,,,,,,,,,,,,,,0,,,,,,,,,,,,
,TAB-19,,,,inStock,"Galaxy Tab S9 FE, 5G, GRAY","SM-X516B, ",Y,SM-X516BZAATGY,https://www.samsung.com/hk/tablets/galaxy-tab-s9-fe/buy/?modelCode=SM-X516BZAATGY,SM-X516BZAATGY,"4,188","3,888",Guest,,"3,888",Yes,Tab S9 FE,0,No,Tab S9 FE,0,Check GC amount then Skip,Tab S9 FE series,200,200,,,,Add to Cart,"3,888.00",,Z-ITFITCS9FEGY,Z-EP-T6530NBEGGB,,,,,,,,,"Z-ITFITCS9FEGY,Z-EP-T6530NBEGGB",2,"
●  1 x  ITFIT Bookcover [Z-ITFITCS9FEGY]
●  1 x  65W Power Adapter [Z-EP-T6530NBEGGB]
",,,,,End of Test,,,,,,,,,,,,,,-,,,,,,,,,,,,,,,,,,,,,,,,,,,,,,,,,,,,,,,,,,,,,,,,,,,,,,,,,,,0,,,,,,,,,,,,
,TAB-20,,,,inStock,"Galaxy Tab S9 FE+, Wi-Fi, MINT","SM-X610, ",Y,SM-X610NLGATGY,https://www.samsung.com/hk/tablets/galaxy-tab-s9-fe/buy/?modelCode=SM-X610NLGATGY,SM-X610NLGATGY,"4,388",,Guest,,"4,388",No,Tab S9 FE +,0,No,Tab S9 FE+,0,Use GC,Tab S9 FE series,200,200,,,,Add to Cart,"4,388.00",,Z-ITFITCS9FEPGY,Z-EP-T6530NBEGGB,,,,,,,,,"Z-ITFITCS9FEPGY,Z-EP-T6530NBEGGB",2,"
●  1 x  ITFIT Bookcover [Z-ITFITCS9FEPGY]
●  1 x  65W Power Adapter [Z-EP-T6530NBEGGB]
",,,,,End of Test,,,,,0,,,,,,,,,-,,,,,,,,,,,,,,,,,,,,,,,,,,,,,,,,,,,,,,,,,,,,,,,,,,,,,,,,,,,0,,,,,,,,,,,,
,TAB-21,,,,inStock,"Galaxy Tab S9 FE+, 5G, GRAY","SM-X616B, ",Y,SM-X616BZAATGY,https://www.samsung.com/hk/tablets/galaxy-tab-s9-fe/buy/?modelCode=SM-X616BZAATGY,SM-X616BZAATGY,"5,188",,Guest,,"5,188",No,Tab S9 FE +,0,No,Tab S9 FE+,0,Check GC amount then Skip,Tab S9 FE series,200,200,,,,Add to Cart,"5,188.00",,Z-ITFITCS9FEPGY,Z-EP-T6530NBEGGB,,,,,,,,,"Z-ITFITCS9FEPGY,Z-EP-T6530NBEGGB",2,"
●  1 x  ITFIT Bookcover [Z-ITFITCS9FEPGY]
●  1 x  65W Power Adapter [Z-EP-T6530NBEGGB]
",,,,,End of Test,,,,,,,,,,,,,,-,,,,,,,,,,,,,,,,,,,,,,,,,,,,,,,,,,,,,,,,,,,,,,,,,,,,,,,,,,,0,,,,,,,,,,,,
,TAB-22,,,,inStock,"Galaxy Tab A9+, 64GB 4GB Wi-Fi Gray","SM-X210, ",Y,SM-X210NZAATGY,https://www.samsung.com/hk/tablets/galaxy-tab-A9/buy/?modelCode=SM-X210NZAATGY,SM-X210NZAATGY,"1,788","1,588",Guest,,"1,588",Yes,Tab A9+,0,Yes,Tab A9+,298,Use GC,Tab A9+,200,200,,,,Add to Cart,"1,588.00",2024/12/03,Z-ITAC13-M,,,,,,,,,,Z-ITAC13-M,1,"
●  1 x  Galaxy AI Cantonese Slang Eco Lunch Box Kit [Z-ITAC13-M]
",,,,,End of Test,,,,,0,,,,,,,,,-,,,,,,,,,,,,,,,,,,,,,,,,,,,,,,,,,,,,,,,,,,,,,,,,,,,,,,,,,,,0,,,,,,,,,,,,
,TAB-23,,,,inStock,"Galaxy Tab A9+, 64GB 4GB 5G Gray","SM-X216B, ",Y,SM-X216BZAATGY,https://www.samsung.com/hk/tablets/galaxy-tab-A9/buy/?modelCode=SM-X216BZAATGY,SM-X216BZAATGY,"2,388","2,188",Guest,,"2,188",No,Tab A9+,0,No,Tab A9+,0,Check GC amount then Skip,Tab A9+,200,200,,,,Add to Cart,"2,188.00",,Z-ITAC13-M,,,,,,,,,,Z-ITAC13-M,1,"
●  1 x  Galaxy AI Cantonese Slang Eco Lunch Box Kit [Z-ITAC13-M]
",,,,,End of Test,,,,,,,,,,,,,,-,,,,,,,,,,,,,,,,,,,,,,,,,,,,,,,,,,,,,,,,,,,,,,,,,,,,,,,,,,,0,,,,,,,,,,,,
,TAB-24,,,,,Galaxy Tab A9 (LTE) Graphite,"SM-X115, ",EOL,SM-X115NZAATGY,https://www.samsung.com/hk/tablets/galaxy-tab-a/galaxy-tab-a9-lte-graphite-64gb-sm-x115nzaatgy/buy/,SM-X115NZAATGY,0,0,,,0,No,0,0,,Tab A9,0,N/A,0,0,0,,,,Add to Cart,0.00,,,,,,,,,,,,,0,"
",,,,,,,,,,,,,,,,,,,-,,,,,,,,,,,,,,,,,,,,,,,,,,,,,,,,,,,,,,,,,,,,,,,,,,,,,,,,,,,0,,,,,,,,,,,,
,TAB-25,,,,,Galaxy Tab A9 (Wi-Fi) Navy,"SM-X110, ",EOL,SM-X110NDBATGY,https://www.samsung.com/hk/tablets/galaxy-tab-a/galaxy-tab-a9-wifi-mystic-navy-64gb-sm-x110ndbatgy/buy/,SM-X110NDBATGY,0,0,,,0,No,0,0,No,Tab A9,0,N/A,0,0,0,,,,Add to Cart,0.00,,,,,,,,,,,,,0,"
",,,,,,,,,,,,,,,,,,,-,,,,,,,,,,,,,,,,,,,,,,,,,,,,,,,,,,,,,,,,,,,,,,,,,,,,,,,,,,,0,,,,,,,,,,,,
,TAB-26,,,,inStock,Galaxy Tab Active 5,"SM-X306B, 128GB",N,SM-X306BZGATGY,https://www.samsung.com/hk/tablets/others/galaxy-tab-active-5-5g-green-128gb-sm-x306bzgatgy/buy/,SM-X306BZGATGY,"4,588",,Guest,,"4,588",No,,0,No,,0,N/A,,0,0,,,,Add to Cart,"4,588.00",,,,,,,,,,,,,0,"
",,,,,End of Test,,,,,0,,,,,,,,,-,,,,,,,,,,,,,,,,,,,,,,,,,,,,,,,,,,,,,,,,,,,,,,,,,,,,,,,,,,,0,,,,,,,,,,,,
,TAB-27,,,,inStock,Galaxy Tab S6 Lite (2024) Wi-Fi Oxford Gray,"SM-P620, 128GB",N,SM-P620NZAETGY,https://www.samsung.com/hk/tablets/galaxy-tab-s/galaxy-tab-s6-lite--2024--gray-128gb-sm-p620nzaetgy/buy/,SM-P620NZAETGY,"2,588","2,288",Guest,,"2,288",No,Tab S6 Lite (2024 edition),0,No,Tab S6 Lite (2024),0,N/A,,0,0,,,,Add to Cart,"2,288.00",,Z-ITFITS6LCGY1,,,,,,,,,,Z-ITFITS6LCGY1,1,"
●  1 x  S6 Lite Multi-Fold Book Cover [Z-ITFITS6LCGY1]
",,,,,End of Test,,,,,0,,,,,,,,,-,,,,,,,,,,,,,,,,,,,,,,,,,,,,,,,,,,,,,,,,,,,,,,,,,,,,,,,,,,,0,,,,,,,,,,,,
,NPC,,,,,,,-,,,,0,0,,,0,,0,0,,0,0,N/A,0,0,0,,,,,0.00,,,,,,,,,,,,,0,"
",,,,,,,,,,,,,,,,,,,,,,,,,,,,,,,,,,,,,,,,,,,,,,,,,,,,,,,,,,,,,,,,,,,,,,,,,,,,,,0,,,,,,,,,,,,
,NPC-01,,,,inStock,"Galaxy Book5 Pro 360, 16""/i7/32GB/1TB, Gray",NP960QHA-KG1HK,Y,NP960QHA-KG1HK,https://www.samsung.com/hk/computers/galaxy-book/galaxy-book5-pro360/buy/?modelCode=NP960QHA-KG1HK,NP960QHA-KG1HK,"16,180",,,,"16,180",Yes,Book5 Pro 360,"1,000",Yes,Book Tier 4: Premium (RRP >=$15000),"1,998",N/A,,0,0,,,,Add to Cart,"16,180.00",,Z-EF-LPUN6PBEGWW,,,,,,Z-OTH-M365MTH12HK,,,,"Z-EF-LPUN6PBEGWW,Z-OTH-M365MTH12HK",2,"
●  1 x  Galaxy Book Slim Pouch 16"" [Z-EF-LPUN6PBEGWW]
●  1 x  Microsoft 365 Personal [Z-OTH-M365MTH12HK]
",,,,,,,,,,,,,,,,,,,-,,,,,,,,,,,,,,,,,,,,,,,,,,,,,,,,,,,,,,,,,,,,,,,,,,,,,,,,,,,0,,,,,,,,,,,,
,NPC-02,,,,inStock,"Galaxy Book5 Pro 360, 16""/i7/32GB/1TB, Silver",NP960QHA-KS1HK,Y,NP960QHA-KS1HK,https://www.samsung.com/hk/computers/galaxy-book/galaxy-book5-pro360/buy/?modelCode=NP960QHA-KS1HK,NP960QHA-KS1HK,"16,180",,,,"16,180",No,Book5 Pro 360,0,No,Book Tier 4: Premium (RRP >=$15000),0,N/A,,0,0,,,,Add to Cart,"16,180.00",,Z-EF-LPUN6PBEGWW,,,,,,Z-OTH-M365MTH12HK,,,,"Z-EF-LPUN6PBEGWW,Z-OTH-M365MTH12HK",2,"
●  1 x  Galaxy Book Slim Pouch 16"" [Z-EF-LPUN6PBEGWW]
●  1 x  Microsoft 365 Personal [Z-OTH-M365MTH12HK]
",,,,,,,,,,,,,,,,,,,-,,,,,,,,,,,,,,,,,,,,,,,,,,,,,,,,,,,,,,,,,,,,,,,,,,,,,,,,,,,0,,,,,,,,,,,,
,NPC-03,,,,inStock,"Galaxy Book5 Pro 360, 16""/i7/16GB/1TB, Gray",NP960QHA-KG2HK,Y,NP960QHA-KG2HK,https://www.samsung.com/hk/computers/galaxy-book/galaxy-book5-pro360/buy/?modelCode=NP960QHA-KG2HK,NP960QHA-KG2HK,"15,180",,,,"15,180",No,Book5 Pro 360,0,No,Book Tier 4: Premium (RRP >=$15000),0,N/A,,0,0,,,,Add to Cart,"15,180.00",,Z-EF-LPUN6PBEGWW,,,,,,Z-OTH-M365MTH12HK,,,,"Z-EF-LPUN6PBEGWW,Z-OTH-M365MTH12HK",2,"
●  1 x  Galaxy Book Slim Pouch 16"" [Z-EF-LPUN6PBEGWW]
●  1 x  Microsoft 365 Personal [Z-OTH-M365MTH12HK]
",,,,,,,,,,,,,,,,,,,-,,,,,,,,,,,,,,,,,,,,,,,,,,,,,,,,,,,,,,,,,,,,,,,,,,,,,,,,,,,0,,,,,,,,,,,,
,NPC-04,,,,inStock,"Galaxy Book5 Pro, 16""/i7/32GB/1TB, Gray",NP960XHA-KG1HK,Y,NP960XHA-KG1HK,https://www.samsung.com/hk/computers/galaxy-book/galaxy-book5-pro/buy/?modelCode=NP960XHA-KG1HK,NP960XHA-KG1HK,"14,880",,,,"14,880",Yes,Book5 Pro,"1,000",Yes,Book Tier 3: High (RRP $12000-$14999),"1,598",N/A,,0,0,,,,Add to Cart,"14,880.00",,Z-EF-LPUN6PBEGWW,,,,,,Z-OTH-M365MTH12HK,,,,"Z-EF-LPUN6PBEGWW,Z-OTH-M365MTH12HK",2,"
●  1 x  Galaxy Book Slim Pouch 16"" [Z-EF-LPUN6PBEGWW]
●  1 x  Microsoft 365 Personal [Z-OTH-M365MTH12HK]
",,,,,,,,,,,,,,,,,,,-,,,,,,,,,,,,,,,,,,,,,,,,,,,,,,,,,,,,,,,,,,,,,,,,,,,,,,,,,,,0,,,,,,,,,,,,
,NPC-05,,,,inStock,"Galaxy Book5 Pro, 16""/i7/32GB/1TB, Silver",NP960XHA-KS1HK,Y,NP960XHA-KS1HK,https://www.samsung.com/hk/computers/galaxy-book/galaxy-book5-pro/buy/?modelCode=NP960XHA-KS1HK,NP960XHA-KS1HK,"14,880",,,,"14,880",No,Book5 Pro,0,No,Book Tier 3: High (RRP $12000-$14999),0,N/A,,0,0,,,,Add to Cart,"14,880.00",,Z-EF-LPUN6PBEGWW,,,,,,Z-OTH-M365MTH12HK,,,,"Z-EF-LPUN6PBEGWW,Z-OTH-M365MTH12HK",2,"
●  1 x  Galaxy Book Slim Pouch 16"" [Z-EF-LPUN6PBEGWW]
●  1 x  Microsoft 365 Personal [Z-OTH-M365MTH12HK]
",,,,,,,,,,,,,,,,,,,-,,,,,,,,,,,,,,,,,,,,,,,,,,,,,,,,,,,,,,,,,,,,,,,,,,,,,,,,,,,0,,,,,,,,,,,,
,NPC-06,,,,inStock,"Galaxy Book5 Pro, 16""/i7/16GB/1TB, Gray",NP960XHA-KG2HK,Y,NP960XHA-KG2HK,https://www.samsung.com/hk/computers/galaxy-book/galaxy-book5-pro/buy/?modelCode=NP960XHA-KG2HK,NP960XHA-KG2HK,"14,280",,,,"14,280",No,Book5 Pro,0,No,Book Tier 3: High (RRP $12000-$14999),0,N/A,,0,0,,,,Add to Cart,"14,280.00",,Z-EF-LPUN6PBEGWW,,,,,,Z-OTH-M365MTH12HK,,,,"Z-EF-LPUN6PBEGWW,Z-OTH-M365MTH12HK",2,"
●  1 x  Galaxy Book Slim Pouch 16"" [Z-EF-LPUN6PBEGWW]
●  1 x  Microsoft 365 Personal [Z-OTH-M365MTH12HK]
",,,,,,,,,,,,,,,,,,,-,,,,,,,,,,,,,,,,,,,,,,,,,,,,,,,,,,,,,,,,,,,,,,,,,,,,,,,,,,,0,,,,,,,,,,,,
,NPC-07,,,,inStock,"Galaxy Book5 Pro, 14""/i7/32GB/1TB, Gray",NP940XHA-KG1HK,Y,NP940XHA-KG1HK,https://www.samsung.com/hk/computers/galaxy-book/galaxy-book5-pro/buy/?modelCode=NP940XHA-KG1HK,NP940XHA-KG1HK,"14,180",,,,"14,180",No,Book5 Pro,0,No,Book Tier 3: High (RRP $12000-$14999),0,N/A,,0,0,,,,Add to Cart,"14,180.00",,Z-EF-LPUN4PBEGWW,,,,,,Z-OTH-M365MTH12HK,,,,"Z-EF-LPUN4PBEGWW,Z-OTH-M365MTH12HK",2,"
●  1 x  Galaxy Book Slim Pouch 14"" [Z-EF-LPUN4PBEGWW]
●  1 x  Microsoft 365 Personal [Z-OTH-M365MTH12HK]
",,,,,,,,,,,,,,,,,,,-,,,,,,,,,,,,,,,,,,,,,,,,,,,,,,,,,,,,,,,,,,,,,,,,,,,,,,,,,,,0,,,,,,,,,,,,
,NPC-08,,,,inStock,"Galaxy Book5 Pro, 14""/i7/32GB/1TB, Silver",NP940XHA-KS1HK,Y,NP940XHA-KS1HK,https://www.samsung.com/hk/computers/galaxy-book/galaxy-book5-pro/buy/?modelCode=NP940XHA-KS1HK,NP940XHA-KS1HK,"14,180",,,,"14,180",No,Book5 Pro,0,No,Book Tier 3: High (RRP $12000-$14999),0,N/A,,0,0,,,,Add to Cart,"14,180.00",,Z-EF-LPUN4PBEGWW,,,,,,Z-OTH-M365MTH12HK,,,,"Z-EF-LPUN4PBEGWW,Z-OTH-M365MTH12HK",2,"
●  1 x  Galaxy Book Slim Pouch 14"" [Z-EF-LPUN4PBEGWW]
●  1 x  Microsoft 365 Personal [Z-OTH-M365MTH12HK]
",,,,,,,,,,,,,,,,,,,-,,,,,,,,,,,,,,,,,,,,,,,,,,,,,,,,,,,,,,,,,,,,,,,,,,,,,,,,,,,0,,,,,,,,,,,,
,NPC-09,,,,inStock,"Galaxy Book5 Pro, 14""/i7/16GB/1TB, Gray",NP940XHA-KG2HK,Y,NP940XHA-KG2HK,https://www.samsung.com/hk/computers/galaxy-book/galaxy-book5-pro/buy/?modelCode=NP940XHA-KG2HK,NP940XHA-KG2HK,"13,580",,,,"13,580",No,Book5 Pro,0,No,Book Tier 3: High (RRP $12000-$14999),0,N/A,,0,0,,,,Add to Cart,"13,580.00",,Z-EF-LPUN4PBEGWW,,,,,,Z-OTH-M365MTH12HK,,,,"Z-EF-LPUN4PBEGWW,Z-OTH-M365MTH12HK",2,"
●  1 x  Galaxy Book Slim Pouch 14"" [Z-EF-LPUN4PBEGWW]
●  1 x  Microsoft 365 Personal [Z-OTH-M365MTH12HK]
",,,,,,,,,,,,,,,,,,,-,,,,,,,,,,,,,,,,,,,,,,,,,,,,,,,,,,,,,,,,,,,,,,,,,,,,,,,,,,,0,,,,,,,,,,,,
,NPC-10,,,,inStock,"Galaxy Book5 Pro, 14""/i5/16GB/512GB, Gray",NP940XHA-KG3HK,Y,NP940XHA-KG3HK,https://www.samsung.com/hk/computers/galaxy-book/galaxy-book5-pro/buy/?modelCode=NP940XHA-KG3HK,NP940XHA-KG3HK,"11,180",,,,"11,180",No,Book5 Pro,0,No,Book Tier 2: Mid (RRP $7000-11999),0,N/A,,0,0,,,,Add to Cart,"11,180.00",,Z-EF-LPUN4PBEGWW,,,,,,Z-OTH-M365MTH12HK,,,,"Z-EF-LPUN4PBEGWW,Z-OTH-M365MTH12HK",2,"
●  1 x  Galaxy Book Slim Pouch 14"" [Z-EF-LPUN4PBEGWW]
●  1 x  Microsoft 365 Personal [Z-OTH-M365MTH12HK]
",,,,,,,,,,,,,,,,,,,-,,,,,,,,,,,,,,,,,,,,,,,,,,,,,,,,,,,,,,,,,,,,,,,,,,,,,,,,,,,0,,,,,,,,,,,,
,NPC-11,,,,inStock,"Galaxy Book5 360, 15.6""/i7/16GB/1TB, Gray",NP750QHA-KA3HK,Y,NP750QHA-KA3HK,https://www.samsung.com/hk/computers/galaxy-book/galaxy-book5-pro360/buy/?modelCode=NP750QHA-KA3HK,NP750QHA-KA3HK,"11,980",,,,"11,980",Yes,Book5 360,"1,000",Yes,Book Tier 2: Mid (RRP $7000-11999),"1,098",N/A,,0,0,,,,Add to Cart,"11,980.00",,,,,,,,Z-OTH-M365MTH12HK,,,,Z-OTH-M365MTH12HK,1,"
●  1 x  Microsoft 365 Personal [Z-OTH-M365MTH12HK]
",,,,,,,,,,,,,,,,,,,-,,,,,,,,,,,,,,,,,,,,,,,,,,,,,,,,,,,,,,,,,,,,,,,,,,,,,,,,,,,0,,,,,,,,,,,,
,NPC-12,,,,inStock,"Galaxy Book5 360, 15.6""/i5/16GB/512GB, Gray",NP750QHA-KA1HK,Y,NP750QHA-KA1HK,https://www.samsung.com/hk/computers/galaxy-book/galaxy-book5-pro360/buy/?modelCode=NP750QHA-KA1HK,NP750QHA-KA1HK,"10,380",,,,"10,380",No,Book5 360,0,No,Book Tier 2: Mid (RRP $7000-11999),0,N/A,,0,0,,,,Add to Cart,"10,380.00",,,,,,,,Z-OTH-M365MTH12HK,,,,Z-OTH-M365MTH12HK,1,"
●  1 x  Microsoft 365 Personal [Z-OTH-M365MTH12HK]
",,,,,,,,,,,,,,,,,,,-,,,,,,,,,,,,,,,,,,,,,,,,,,,,,,,,,,,,,,,,,,,,,,,,,,,,,,,,,,,0,,,,,,,,,,,,
,NPC-13,,,,Unavailable,"Galaxy Book4 Ultra 16""/i9/64GB/2TB/RTX4070",NP960XGLZ-EXP,Y,NP960XGL-XG1HK,https://www.samsung.com/hk/computers/galaxy-book/galaxy-book4-ultra/buy/?modelCode=NP960XGL-XG1HK,NP960XGL-XG1HK,"24,980","22,980",Guest,,"22,980",No,Book4 Ultra,0,No,Book Tier 4: Premium (RRP >=$15000),0,N/A,,0,0,,,,Add to Cart,"22,980.00",,Z-EF-LPUN6PBEGWW,,,,,,,,,,Z-EF-LPUN6PBEGWW,1,"
●  1 x  Galaxy Book Slim Pouch 16"" [Z-EF-LPUN6PBEGWW]
",,,,,End of Test,,,,,0,,,,,,,,,-,,,,,,,,,,,,,,,,,,,,,,,,,,,,,,,,,,,,,,,,,,,,,,,,,,,,,,,,,,,0,,,,,,,,,,,,
,NPC-14,,,,inStock,"Galaxy Book4 Ultra 16""/i9/32GB/1TB/RTX4070",NP960XGLZ-EXP,Y,NP960XGL-XG2HK,https://www.samsung.com/hk/computers/galaxy-book/galaxy-book4-ultra/buy/?modelCode=NP960XGL-XG2HK,NP960XGL-XG2HK,"21,980","19,980",Guest,,"19,980",Yes,Book4 Ultra,0,Yes,Book Tier 4: Premium (RRP >=$15000),"1,998",N/A,,0,0,,,,Add to Cart,"19,980.00",,Z-EF-LPUN6PBEGWW,,,,,,,,,,Z-EF-LPUN6PBEGWW,1,"
●  1 x  Galaxy Book Slim Pouch 16"" [Z-EF-LPUN6PBEGWW]
",,,,,End of Test,,,,,0,,,,,,,,,-,,,,,,,,,,,,,,,,,,,,,,,,,,,,,,,,,,,,,,,,,,,,,,,,,,,,,,,,,,,0,,,,,,,,,,,,
,NPC-15,,,,inStock,"Galaxy Book4 Pro 360 16""/i7/32GB/1TB",NP960QGKA-EXP,Y,NP960QGK-KS3HK,https://www.samsung.com/hk/computers/galaxy-book/galaxy-book4-pro360/buy/?modelCode=NP960QGK-KS3HK,NP960QGK-KS3HK,"16,980","14,980",Guest,,"14,980",No,Book4 Pro 360,0,No,Book Tier 4: Premium (RRP >=$15000),0,N/A,,0,0,,,,Add to Cart,"14,980.00",,Z-EF-LPUN6PBEGWW,,,,,,,,,,Z-EF-LPUN6PBEGWW,1,"
●  1 x  Galaxy Book Slim Pouch 16"" [Z-EF-LPUN6PBEGWW]
",,,,,End of Test,,,,,0,,,,,,,,,-,,,,,,,,,,,,,,,,,,,,,,,,,,,,,,,,,,,,,,,,,,,,,,,,,,,,,,,,,,,0,,,,,,,,,,,,
,NPC-16,,,,inStock,"Galaxy Book4 Pro 360 16""/i7/32GB/1TB",NP960QGKA-EXP,Y,NP960QGK-KG3HK,https://www.samsung.com/hk/computers/galaxy-book/galaxy-book4-pro360/buy/?modelCode=NP960QGK-KG3HK,NP960QGK-KG3HK,"16,980","14,980",Guest,,"14,980",No,Book4 Pro 360,0,No,Book Tier 4: Premium (RRP >=$15000),0,N/A,,0,0,,,,Add to Cart,"14,980.00",,Z-EF-LPUN6PBEGWW,,,,,,,,,,Z-EF-LPUN6PBEGWW,1,"
●  1 x  Galaxy Book Slim Pouch 16"" [Z-EF-LPUN6PBEGWW]
",,,,,End of Test,,,,,0,,,,,,,,,-,,,,,,,,,,,,,,,,,,,,,,,,,,,,,,,,,,,,,,,,,,,,,,,,,,,,,,,,,,,0,,,,,,,,,,,,
,NPC-17,,,,Unavailable,"Galaxy Book4 Pro 360 16""/i7/16GB/1TB",NP960QGKA-EXP,Y,NP960QGK-KG2HK,https://www.samsung.com/hk/computers/galaxy-book/galaxy-book4-pro360/buy/?modelCode=NP960QGK-KG2HK,NP960QGK-KG2HK,"15,980","13,980",,,"13,980",No,Book4 Pro 360,0,No,Book Tier 4: Premium (RRP >=$15000),0,N/A,,0,0,,,,Add to Cart,"13,980.00",,Z-EF-LPUN6PBEGWW,,,,,,,,,,Z-EF-LPUN6PBEGWW,1,"
●  1 x  Galaxy Book Slim Pouch 16"" [Z-EF-LPUN6PBEGWW]
",,,,,,,,,,,,,,,,,,,-,,,,,,,,,,,,,,,,,,,,,,,,,,,,,,,,,,,,,,,,,,,,,,,,,,,,,,,,,,,0,,,,,,,,,,,,
,NPC-18,,,,Unavailable,"Galaxy Book4 Pro 16""/i7/32GB/1TB",NP960XGKA-EXP,Y,NP960XGK-KS5HK,https://www.samsung.com/hk/computers/galaxy-book/galaxy-book4-ultra/buy/?modelCode=NP960XGK-KS5HK,NP960XGK-KS5HK,"15,680","13,680",Guest,,"13,680",No,Book4 Pro,0,No,Book Tier 4: Premium (RRP >=$15000),0,N/A,,0,0,,,,Add to Cart,"13,680.00",,Z-EF-LPUN6PBEGWW,,,,,,,,,,Z-EF-LPUN6PBEGWW,1,"
●  1 x  Galaxy Book Slim Pouch 16"" [Z-EF-LPUN6PBEGWW]
",,,,,End of Test,,,,,0,,,,,,,,,-,,,,,,,,,,,,,,,,,,,,,,,,,,,,,,,,,,,,,,,,,,,,,,,,,,,,,,,,,,,0,,,,,,,,,,,,
,NPC-19,,,,Unavailable,"Galaxy Book4 Pro 16""/i7/32GB/1TB",NP960XGKA-EXP,Y,NP960XGK-KG5HK,https://www.samsung.com/hk/computers/galaxy-book/galaxy-book4-ultra/buy/?modelCode=NP960XGK-KG5HK,NP960XGK-KG5HK,"15,680","13,680",Guest,,"13,680",No,Book4 Pro,0,No,Book Tier 4: Premium (RRP >=$15000),0,N/A,,0,0,,,,Add to Cart,"13,680.00",,Z-EF-LPUN6PBEGWW,,,,,,,,,,Z-EF-LPUN6PBEGWW,1,"
●  1 x  Galaxy Book Slim Pouch 16"" [Z-EF-LPUN6PBEGWW]
",,,,,End of Test,,,,,0,,,,,,,,,-,,,,,,,,,,,,,,,,,,,,,,,,,,,,,,,,,,,,,,,,,,,,,,,,,,,,,,,,,,,0,,,,,,,,,,,,
,NPC-20,,,,Unavailable,"Galaxy Book4 Pro 16""/i7/16GB/1TB",NP960XGKA-EXP,Y,NP960XGK-KG4HK,https://www.samsung.com/hk/computers/galaxy-book/galaxy-book4-ultra/buy/?modelCode=NP960XGK-KG4HK,NP960XGK-KG4HK,"14,680","12,680",,,"12,680",No,Book4 Pro,0,No,Book Tier 3: High (RRP $12000-$14999),0,N/A,,0,0,,,,Add to Cart,"12,680.00",,Z-EF-LPUN6PBEGWW,,,,,,,,,,Z-EF-LPUN6PBEGWW,1,"
●  1 x  Galaxy Book Slim Pouch 16"" [Z-EF-LPUN6PBEGWW]
",,,,,,,,,,,,,,,,,,,-,,,,,,,,,,,,,,,,,,,,,,,,,,,,,,,,,,,,,,,,,,,,,,,,,,,,,,,,,,,0,,,,,,,,,,,,
,NPC-21,,,,inStock,"Galaxy Book4 Pro 14""/i7/32GB/1TB, Platinum Silver",NP940XGKA-EXP,Y,NP940XGK-KS3HK,https://www.samsung.com/hk/computers/galaxy-book/galaxy-book4-ultra/buy/?modelCode=NP940XGK-KS3HK,NP940XGK-KS3HK,"14,980","12,980",Guest,,"12,980",Yes,Book4 Pro,0,Yes,Book Tier 3: High (RRP $12000-$14999),"1,598",N/A,,0,0,,,,Add to Cart,"12,980.00",,Z-EF-LPUN4PBEGWW,,,,,,,,,,Z-EF-LPUN4PBEGWW,1,"
●  1 x  Galaxy Book Slim Pouch 14"" [Z-EF-LPUN4PBEGWW]
",,,,,End of Test,,,,,0,,,,,,,,,-,,,,,,,,,,,,,,,,,,,,,,,,,,,,,,,,,,,,,,,,,,,,,,,,,,,,,,,,,,,0,,,,,,,,,,,,
,NPC-22,,,,Unavailable,"Galaxy Book4 Pro 14""/i7/32GB/1TB, Moonstone Gray",NP940XGK-KG3HK,Y,NP940XGK-KG3HK,https://www.samsung.com/hk/computers/galaxy-book/galaxy-book4-ultra/buy/?modelCode=NP940XGK-KG3HK,NP940XGK-KG3HK,"14,980","12,980",,,"12,980",No,Book4 Pro,0,No,Book Tier 3: High (RRP $12000-$14999),0,N/A,,0,0,,,,Add to Cart,"12,980.00",,Z-EF-LPUN4PBEGWW,,,,,,,,,,Z-EF-LPUN4PBEGWW,1,"
●  1 x  Galaxy Book Slim Pouch 14"" [Z-EF-LPUN4PBEGWW]
",,,,,,,,,,,,,,,,,,,-,,,,,,,,,,,,,,,,,,,,,,,,,,,,,,,,,,,,,,,,,,,,,,,,,,,,,,,,,,,0,,,,,,,,,,,,
,NPC-23,,,,inStock,"Galaxy Book4 Pro 14""/i7/16GB/1TB, Moonstone Gray",NP940XGKA-EXP,Y,NP940XGK-KG2HK,https://www.samsung.com/hk/computers/galaxy-book/galaxy-book4-ultra/buy/?modelCode=NP940XGK-KG2HK,NP940XGK-KG2HK,"13,980","11,980",,,"11,980",No,Book4 Pro,0,No,Book Tier 3: High (RRP $12000-$14999),0,N/A,,0,0,,,,Add to Cart,"11,980.00",,Z-EF-LPUN4PBEGWW,,,,,,,,,,Z-EF-LPUN4PBEGWW,1,"
●  1 x  Galaxy Book Slim Pouch 14"" [Z-EF-LPUN4PBEGWW]
",,,,,,,,,,,,,,,,,,,-,,,,,,,,,,,,,,,,,,,,,,,,,,,,,,,,,,,,,,,,,,,,,,,,,,,,,,,,,,,0,,,,,,,,,,,,
,NPC-24,,,,inStock,"Galaxy Book4 Pro 14""/i5/16GB/512GB, Moonstone Gray",NP940XGK-KG1HK,Y,NP940XGK-KG1HK,https://www.samsung.com/hk/computers/galaxy-book/galaxy-book4-ultra/buy/?modelCode=NP940XGK-KG1HK,NP940XGK-KG1HK,"11,980","9,980",,,"9,980",Yes,Book4 Pro,0,Yes,Book Tier 2: Mid (RRP $7000-11999),"1,098",N/A,,0,0,,,,Add to Cart,"9,980.00",,Z-EF-LPUN4PBEGWW,,,,,,,,,,Z-EF-LPUN4PBEGWW,1,"
●  1 x  Galaxy Book Slim Pouch 14"" [Z-EF-LPUN4PBEGWW]
",,,,,,,,,,,,,,,,,,,-,,,,,,,,,,,,,,,,,,,,,,,,,,,,,,,,,,,,,,,,,,,,,,,,,,,,,,,,,,,0,,,,,,,,,,,,
,NPC-25,,,,inStock,"Galaxy Book4 Edge, 16""/X1E-84/16GB/1TB, Sapphire Blue",NP960XMBA-EXP,Y,NP960XMB-KB1HK,https://www.samsung.com/hk/computers/galaxy-book/galaxy-book4-edge/buy/?modelCode=NP960XMB-KB1HK,NP960XMB-KB1HK,"14,680","12,680",Guest,,"12,680",No,Book4 Edge,0,No,Book Tier 3: High (RRP $12000-$14999),0,N/A,,0,0,,,,Add to Cart,"12,680.00",,Z-EF-LPUN6PBEGWW,,,,,,,,,,Z-EF-LPUN6PBEGWW,1,"
●  1 x  Galaxy Book Slim Pouch 16"" [Z-EF-LPUN6PBEGWW]
",,,,,End of Test,,,,,,,,,,,,,,-,,,,,,,,,,,,,,,,,,,,,,,,,,,,,,,,,,,,,,,,,,,,,,,,,,,,,,,,,,,0,,,,,,,,,,,,
,NPC-26,,,,inStock,"Galaxy Book4 Edge, 14""/X1E-80/16GB/512GB, Sapphire Blue",NP940XMAA-EXP,Y,NP940XMA-KB1HK,https://www.samsung.com/hk/computers/galaxy-book/galaxy-book4-edge/buy/?modelCode=NP940XMA-KB1HK,NP940XMA-KB1HK,"11,980","9,980",Guest,,"9,980",No,Book4 Edge,0,No,Book Tier 2: Mid (RRP $7000-11999),0,N/A,,0,0,,,,Add to Cart,"9,980.00",,Z-EF-LPUN4PBEGWW,,,,,,,,,,Z-EF-LPUN4PBEGWW,1,"
●  1 x  Galaxy Book Slim Pouch 14"" [Z-EF-LPUN4PBEGWW]
",,,,,End of Test,,,,,,,,,,,,,,-,,,,,,,,,,,,,,,,,,,,,,,,,,,,,,,,,,,,,,,,,,,,,,,,,,,,,,,,,,,0,,,,,,,,,,,,
,NPC-27,,,,inStock,"Galaxy Book4 Edge, 15.6""/X1P-42/16GB/512GB, Sapphire Blue",NP750XQAA-EXP,Y,NP750XQA-KB2HK,https://www.samsung.com/hk/computers/galaxy-book/galaxy-book4-edge/buy/?modelCode=NP750XQA-KB2HK,NP750XQA-KB2HK,"7,180",,Guest,,"7,180",Yes,Book4 Edge,0,Yes,Book Tier 2: Mid (RRP $7000-11999),"1,098",N/A,,0,0,,,,Add to Cart,"7,180.00",,,,,,,,,,,,,0,"
",,,,,,,,,,,,,,,,,,,-,,,,,,,,,,,,,,,,,,,,,,,,,,,,,,,,,,,,,,,,,,,,,,,,,,,,,,,,,,,0,,,,,,,,,,,,
,NPC-28,,,,inStock,"Galaxy Book4 360 15.6""/i7/16GB/1TB",NP750QGKA-EXP,Y,NP750QGK-KG1HK,https://www.samsung.com/hk/computers/galaxy-book/galaxy-book4-pro360/buy/?modelCode=NP750QGK-KG1HK,NP750QGK-KG1HK,"11,580","9,980",Guest,,"9,980",Yes,Book4 360,0,Yes,Book Tier 2: Mid (RRP $7000-11999),"1,098",N/A,,0,0,,,,Add to Cart,"9,980.00",,,,,,,,,,,,,0,"
",,,,,End of Test,,,,,0,,,,,,,,,-,,,,,,,,,,,,,,,,,,,,,,,,,,,,,,,,,,,,,,,,,,,,,,,,,,,,,,,,,,,0,,,,,,,,,,,,
,NPC-29,,,,Unavailable,"Galaxy Book4 360 15.6""/i5/16GB/512GB",NP750QGKA-EXP,Y,NP750QGK-KS2HK,https://www.samsung.com/hk/computers/galaxy-book/galaxy-book4-pro360/buy/?modelCode=NP750QGK-KS2HK,NP750QGK-KS2HK,"9,980","8,380",Guest,,"8,380",No,Book4 360,0,No,Book Tier 2: Mid (RRP $7000-11999),0,N/A,,0,0,,,,Add to Cart,"8,380.00",,,,,,,,,,,,,0,"
",,,,,End of Test,,,,,0,,,,,,,,,-,,,,,,,,,,,,,,,,,,,,,,,,,,,,,,,,,,,,,,,,,,,,,,,,,,,,,,,,,,,0,,,,,,,,,,,,
,NPC-30,,,,inStock,"Galaxy Book4 15.6""/i7/16GB/512GB",NP750XGKA-EXP,Y,NP750XGK-KA3HK,https://www.samsung.com/hk/computers/galaxy-book/galaxy-book4-ultra/buy/?modelCode=NP750XGK-KA3HK,NP750XGK-KA3HK,"6,980","7,380",Guest,,"6,980",No,Book4,0,No,Book Tier 2: Mid (RRP $7000-11999),0,N/A,,0,0,,,,Add to Cart,"6,980.00",,,,,,,,,,,,,0,"
",,,,,End of Test,,,,,0,,,,,,,,,-,,,,,,,,,,,,,,,,,,,,,,,,,,,,,,,,,,,,,,,,,,,,,,,,,,,,,,,,,,,0,,,,,,,,,,,,
,NPC-31,,,,inStock,"Galaxy Book4 15.6""/i5/16GB/512GB",NP750XGKA-EXP,Y,NP750XGK-KA2HK,https://www.samsung.com/hk/computers/galaxy-book/galaxy-book4-ultra/buy/?modelCode=NP750XGK-KA2HK,NP750XGK-KA2HK,"6,180","6,380",Guest,,"6,180",No,Book4,0,No,Book Tier 2: Mid (RRP $7000-11999),0,N/A,,0,0,,,,Add to Cart,"6,180.00",,,,,,,,,,,,,0,"
",,,,,End of Test,,,,,0,,,,,,,,,-,,,,,,,,,,,,,,,,,,,,,,,,,,,,,,,,,,,,,,,,,,,,,,,,,,,,,,,,,,,0,,,,,,,,,,,,
,NPC-32,,,,inStock,"Galaxy Book4 15.6""/i5/8GB/512GB",NP750XGKA-EXP,Y,NP750XGK-KA1HK,https://www.samsung.com/hk/computers/galaxy-book/galaxy-book4-ultra/buy/?modelCode=NP750XGK-KA1HK,NP750XGK-KA1HK,"5,380","5,580",Guest,,"5,380",No,Book4,0,No,Book Tier 1: Low (RRP <$7000),0,N/A,,0,0,,,,Add to Cart,"5,380.00",,,,,,,,,,,,,0,"
",,,,,End of Test,,,,,0,,,,,,,,,-,,,,,,,,,,,,,,,,,,,,,,,,,,,,,,,,,,,,,,,,,,,,,,,,,,,,,,,,,,,0,,,,,,,,,,,,
,ME,,,,,,,-,,,,0,0,,,0,,0,0,,0,0,N/A,0,0,0,,,,,0.00,,,,,,,,,,,,,0,"
",,,,,,,,,,,,,,,,,,,,,,,,,,,,,,,,,,,,,,,,,,,,,,,,,,,,,,,,,,,,,,,,,,,,,,,,,,,,,,0,,,,,,,,,,,,
Michelle,ME-01,,,,inStock,"Galaxy Watch7 40mm (BT), Green","SM-L300, ",N,SM-L300NZGATGY,https://www.samsung.com/hk/watches/galaxy-watch/galaxy-watch7-40mm-green-bluetooth-sm-l300nzgatgy/buy/,SM-L300NZGATGY,"2,398","1,888",Guest,,"1,888",Yes,Watch7,500,Yes,Watch B1 (RRP <=$2700),448,N/A,,0,0,,,,Add to Cart,"1,888.00",,Z-W7MARATHON250,,,,,,,,,,Z-W7MARATHON250,1,"
●  1 x  HK$250 Marathon Sports l Catalog Eshop e-Gift Card [Z-W7MARATHON250]
",,,,,End of Test,,,,,,,,,,,,,,-,,,,,,,,,,,,,,,,,,,,,,,,,,,,,,,,,,,,,,,,,,,,,,,,,,,,,,,,,,,0,,,,,,,,,,,,
Michelle,ME-02,,,,inStock,"Galaxy Watch7 40mm (LTE), Green","SM-L305F, ",N,SM-L305FZGATGY,https://www.samsung.com/hk/watches/galaxy-watch/galaxy-watch7-40mm-green-lte-sm-l305fzgatgy/buy/,SM-L305FZGATGY,"2,798","2,248",Guest,,"2,248",No,Watch7,0,No,Watch B2 (RRP >=$2701),0,N/A,,0,0,,,,Add to Cart,"2,248.00",,Z-W7MARATHON250,,,,,,,,,,Z-W7MARATHON250,1,"
●  1 x  HK$250 Marathon Sports l Catalog Eshop e-Gift Card [Z-W7MARATHON250]
",,,,,End of Test,,,,,,,,,,,,,,-,,,,,,,,,,,,,,,,,,,,,,,,,,,,,,,,,,,,,,,,,,,,,,,,,,,,,,,,,,,0,,,,,,,,,,,,
Michelle,ME-03,,,,OOS (Blocked),"Galaxy Watch7 44mm (BT), Green","SM-L310, ",N,SM-L310NZGATGY,https://www.samsung.com/hk/watches/galaxy-watch/galaxy-watch7-44mm-green-bluetooth-sm-l310nzgatgy/buy/,SM-L310NZGATGY,"2,598","2,068",Guest,,"2,068",No,Watch7,0,No,Watch B1 (RRP <=$2700),0,N/A,,0,0,,,,Add to Cart,"2,068.00",,Z-W7MARATHON250,,,,,,,,,,Z-W7MARATHON250,1,"
●  1 x  HK$250 Marathon Sports l Catalog Eshop e-Gift Card [Z-W7MARATHON250]
",,,,,End of Test,,,,,,,,,,,,,,-,,,,,,,,,,,,,,,,,,,,,,,,,,,,,,,,,,,,,,,,,,,,,,,,,,,,,,,,,,,0,,,,,,,,,,,,
Michelle,ME-04,,,,inStock,"Galaxy Watch7 44mm (LTE), Green","SM-L315F, ",N,SM-L315FZGATGY,https://www.samsung.com/hk/watches/galaxy-watch/galaxy-watch7-44mm-green-lte-sm-l315fzgatgy/buy/,SM-L315FZGATGY,"2,998","2,428",Guest,,"2,428",No,Watch7,0,No,Watch B2 (RRP >=$2701),0,N/A,,0,0,,,,Add to Cart,"2,428.00",,Z-W7MARATHON250,,,,,,,,,,Z-W7MARATHON250,1,"
●  1 x  HK$250 Marathon Sports l Catalog Eshop e-Gift Card [Z-W7MARATHON250]
",,,,,End of Test,,,,,,,,,,,,,,-,,,,,,,,,,,,,,,,,,,,,,,,,,,,,,,,,,,,,,,,,,,,,,,,,,,,,,,,,,,0,,,,,,,,,,,,
Michelle,ME-05,,,,inStock,"Galaxy Watch Ultra, Titanium Gray","SM-L705F, ",N,SM-L705FDAATGY,https://www.samsung.com/hk/watches/galaxy-watch/galaxy-watch-ultra-titanium-gray-lte-sm-l705fdaatgy/buy/,SM-L705FDAATGY,"5,098","4,318",Guest,,"4,318",Yes,Watch Ultra,500,Yes,Watch Ultra,798,N/A,,0,0,,,,Add to Cart,"4,318.00",,Z-W7MARATHON250x4,,,,,,,,,,Z-W7MARATHON250x4,4,"
●  4 x  HK$250 Marathon Sports l Catalog Eshop e-Gift Card [Z-W7MARATHON250x4]
",,,,,End of Test,,,,,,,,,,,,,,-,,,,,,,,,,,,,,,,,,,,,,,,,,,,,,,,,,,,,,,,,,,,,,,,,,,,,,,,,,,0,,,,,,,,,,,,
,ME-06,,,,Unavailable,"Galaxy Watch FE (BT), Black","SM-R861, ",N,SM-R861NZKATGY,https://www.samsung.com/hk/watches/galaxy-watch/galaxy-watch-fe-40mm-black-bluetooth-sm-r861nzkatgy/buy/,SM-R861NZKATGY,"1,598",,Guest,,"1,598",No,,0,No,Watch B1 (RRP <=$2700),0,N/A,,0,0,,,,Add to Cart,"1,598.00",,,,,,,,,,,,,0,"
",,,,,End of Test,,,,,,,,,,,,,,-,,,,,,,,,,,,,,,,,,,,,,,,,,,,,,,,,,,,,,,,,,,,,,,,,,,,,,,,,,,0,,,,,,,,,,,,
,ME-07,,,,inStock,Galaxy Fit3,"SM-R390, ",N,SM-R390NZAATGY,https://www.samsung.com/hk/watches/galaxy-fit/galaxy-fit3-gray-bluetooth-sm-r390nzaatgy/buy/,SM-R390NZAATGY,498,,Guest,,498,Yes,,0,No,,0,N/A,,0,0,,,,Add to Cart,498.00,,,,,,,,,,,,,0,"
",,,,,End of Test,,,,,0,,,,,,,,,-,,,,,,,,,,,,,,,,,,,,,,,,,,,,,,,,,,,,,,,,,,,,,,,,,,,,,,,,,,,0,,,,,,,,,,,,
,ME-08,,,,Unavailable,"Galaxy Buds3 Pro, White","SM-R630, ",N,SM-R630NZWATGY,https://www.samsung.com/hk/audio-sound/galaxy-buds/galaxy-buds3-pro-white-sm-r630nzwatgy/,SM-R630NZWATGY,"1,998",,Guest,,"1,998",No,Buds3 Pro,0,No,,0,N/A,Buds3 Pro,0,0,,,,Add to Cart,"1,998.00",,,,,,,,,,,,,0,"
",,,,,End of Test,,,,,,,,,,,,,,-,,,,,,,,,,,,,,,,,,,,,,,,,,,,,,,,,,,,,,,,,,,,,,,,,,,,,,,,,,,0,,,,,,,,,,,,
,ME-09,,,,inStock,"Galaxy Buds3, Silver","SM-R530, ",N,SM-R530NZAATGY,https://www.samsung.com/hk/audio-sound/galaxy-buds/galaxy-buds3-silver-sm-r530nzaatgy/,SM-R530NZAATGY,"1,398",,Guest,,"1,398",Yes,Buds3,0,No,,0,N/A,Buds3,0,0,,,,Add to Cart,"1,398.00",,,,,,,,,,,,,0,"
",,,,,End of Test,,,,,,,,,,,,,,-,,,,,,,,,,,,,,,,,,,,,,,,,,,,,,,,,,,,,,,,,,,,,,,,,,,,,,,,,,,0,,,,,,,,,,,,
,ME-10,,,,Unavailable,Galaxy Buds FE,"SM-R400N, ",N,SM-R400NZWATGY,https://www.samsung.com/hk/audio-sound/galaxy-buds/galaxy-buds-fe-mystic-white-sm-r400nzwatgy/,SM-R400NZWATGY,898,,Guest,,898,No,,0,No,,0,N/A,,0,0,,,,Add to Cart,898.00,,,,,,,,,,,,,0,"
",,,,,End of Test,,,,,,,,,,,,,,-,,,,,,,,,,,,,,,,,,,,,,,,,,,,,,,,,,,,,,,,,,,,,,,,,,,,,,,,,,,0,,,,,,,,,,,,
,ME-11,,,,,"Galaxy Buds2 Pro, White","SM-R510, ",EOL,SM-R510NZWAASA,https://www.samsung.com/hk/audio-sound/galaxy-buds/galaxy-buds2-pro-white-sm-r510nzwaasa/,SM-R510NZWAASA,0,0,,,0,,0,0,,0,0,N/A,0,0,0,,,,Add to Cart,0.00,,,,,,,,,,,,,0,"
",,,,,,,,,,,,,,,,,,,-,,,,,,,,,,,,,,,,,,,,,,,,,,,,,,,,,,,,,,,,,,,,,,,,,,,,,,,,,,,0,,,,,,,,,,,,
,ME-12,,,,Unavailable,SmartTag2,EI-T5600,N,EI-T5600BBEGWW,https://www.samsung.com/hk/mobile-accessories/galaxy-smarttag2-black-ei-t5600bbegww/,EI-T5600BBEGWW,238,,Guest,,238,No,,0,No,,0,N/A,,0,0,,,,Add to Cart,238.00,,,,,,,,,,,,,0,"
",,,,,End of Test,,,,,,,,,,,,,,-,,,,,,,,,,,,,,,,,,,,,,,,,,,,,,,,,,,,,,,,,,,,,,,,,,,,,,,,,,,0,,,,,,,,,,,,
,ME-13,,,,inStock,"Galaxy Ring, Titanium Black / 5","SM-Q505, ",Y,SM-Q505NZKATGY,https://www.samsung.com/hk/rings/galaxy-ring/buy/?modelCode=SM-Q505NZKATGY,SM-Q505NZKATGY,"3,298",,Guest,,"3,298",Yes,Ring,500,Yes,Ring,299,N/A,,0,0,,,,Add to Cart,"3,298.00",,,,,,,,,,,,,0,"
",2024/11/6,,,,End of Test,,,,,,,,,,,,,,-,,,,,,,,,,,,,,,,,,,,,,,,,,,,,,,,,,,,,,,,,,,,,,,,,,,,,,,,,,,0,,,,,,,,,,,,
,ME-14,,,,inStock,"Galaxy Ring, Titanium Silver / 6","SM-Q506, ",Y,SM-Q506NZSATGY,https://www.samsung.com/hk/rings/galaxy-ring/buy/?modelCode=SM-Q506NZSATGY,SM-Q506NZSATGY,"3,298",,Guest,,"3,298",No,Ring,0,No,Ring,0,N/A,,0,0,,,,Add to Cart,"3,298.00",,,,,,,,,,,,,0,"
",2024/11/6,,,,End of Test,,,,,,,,,,,,,,-,,,,,,,,,,,,,,,,,,,,,,,,,,,,,,,,,,,,,,,,,,,,,,,,,,,,,,,,,,,0,,,,,,,,,,,,
,ME-15,,,,inStock,"Galaxy Ring, Titanium Black / 7","SM-Q507, ",Y,SM-Q507NZKATGY,https://www.samsung.com/hk/rings/galaxy-ring/buy/?modelCode=SM-Q507NZKATGY,SM-Q507NZKATGY,"3,298",,Guest,,"3,298",No,Ring,0,No,Ring,0,N/A,,0,0,,,,Add to Cart,"3,298.00",,,,,,,,,,,,,0,"
",2024/11/6,,,,End of Test,,,,,,,,,,,,,,-,,,,,,,,,,,,,,,,,,,,,,,,,,,,,,,,,,,,,,,,,,,,,,,,,,,,,,,,,,,0,,,,,,,,,,,,
,ME-16,,,,inStock,"Galaxy Ring, Titanium Black / 8","SM-Q508, ",Y,SM-Q508NZKATGY,https://www.samsung.com/hk/rings/galaxy-ring/buy/?modelCode=SM-Q508NZKATGY,SM-Q508NZKATGY,"3,298",,Guest,,"3,298",No,Ring,0,No,Ring,0,N/A,,0,0,,,,Add to Cart,"3,298.00",,,,,,,,,,,,,0,"
",2024/11/6,,,,End of Test,,,,,,,,,,,,,,-,,,,,,,,,,,,,,,,,,,,,,,,,,,,,,,,,,,,,,,,,,,,,,,,,,,,,,,,,,,0,,,,,,,,,,,,
,ME-17,,,,inStock,"Galaxy Ring, Titanium Black / 9","SM-Q509, ",Y,SM-Q509NZKATGY,https://www.samsung.com/hk/rings/galaxy-ring/buy/?modelCode=SM-Q509NZKATGY,SM-Q509NZKATGY,"3,298",,Guest,,"3,298",No,Ring,0,No,Ring,0,N/A,,0,0,,,,Add to Cart,"3,298.00",,,,,,,,,,,,,0,"
",2024/11/6,,,,End of Test,,,,,,,,,,,,,,-,,,,,,,,,,,,,,,,,,,,,,,,,,,,,,,,,,,,,,,,,,,,,,,,,,,,,,,,,,,0,,,,,,,,,,,,
,ME-18,,,,inStock,"Galaxy Ring, Titanium Black / 10","SM-Q500, ",Y,SM-Q500NZKATGY,https://www.samsung.com/hk/rings/galaxy-ring/buy/?modelCode=SM-Q500NZKATGY,SM-Q500NZKATGY,"3,298",,Guest,,"3,298",No,Ring,0,No,Ring,0,N/A,,0,0,,,,Add to Cart,"3,298.00",,,,,,,,,,,,,0,"
",2024/11/15,,,,End of Test,,,,,,,,,,,,,,-,,,,,,,,,,,,,,,,,,,,,,,,,,,,,,,,,,,,,,,,,,,,,,,,,,,,,,,,,,,0,,,,,,,,,,,,
,ME-19,,,,OOS (Blocked),"Galaxy Ring, Titanium Black / 11","SM-Q501, ",Y,SM-Q501NZKATGY,https://www.samsung.com/hk/rings/galaxy-ring/buy/?modelCode=SM-Q501NZKATGY,SM-Q501NZKATGY,"3,298",,Guest,,"3,298",No,Ring,0,No,Ring,0,N/A,,0,0,,,,Add to Cart,"3,298.00",,,,,,,,,,,,,0,"
",2024/11/15,,,,End of Test,,,,,,,,,,,,,,-,,,,,,,,,,,,,,,,,,,,,,,,,,,,,,,,,,,,,,,,,,,,,,,,,,,,,,,,,,,0,,,,,,,,,,,,
,ME-20,,,,inStock,"Galaxy Ring, Titanium Black / 12","SM-Q502, ",Y,SM-Q502NZKATGY,https://www.samsung.com/hk/rings/galaxy-ring/buy/?modelCode=SM-Q502NZKATGY,SM-Q502NZKATGY,"3,298",,Guest,,"3,298",No,Ring,0,No,Ring,0,N/A,,0,0,,,,Add to Cart,"3,298.00",,,,,,,,,,,,,0,"
",2024/11/6,,,,End of Test,,,,,,,,,,,,,,-,,,,,,,,,,,,,,,,,,,,,,,,,,,,,,,,,,,,,,,,,,,,,,,,,,,,,,,,,,,0,,,,,,,,,,,,
,ME-21,,,,inStock,"Galaxy Ring, Titanium Gold / 13","SM-Q503, ",Y,SM-Q503NZDATGY,https://www.samsung.com/hk/rings/galaxy-ring/buy/?modelCode=SM-Q503NZDATGY,SM-Q503NZDATGY,"3,298",,Guest,,"3,298",No,Ring,0,No,Ring,0,N/A,,0,0,,,,Add to Cart,"3,298.00",,,,,,,,,,,,,0,"
",2024/11/6,,,,End of Test,,,,,,,,,,,,,,-,,,,,,,,,,,,,,,,,,,,,,,,,,,,,,,,,,,,,,,,,,,,,,,,,,,,,,,,,,,0,,,,,,,,,,,,
,,,,,,,,,,,,0,0,,,0,,0,0,,0,0,N/A,0,0,0,,,,,0.00,,,,,,,,,,,,,0,"
",,,,,,,,,,,,,,,,,,,,,,,,,,,,,,,,,,,,,,,,,,,,,,,,,,,,,,,,,,,,,,,,,,,,,,,,,,,,,,0,,,,,,,,,,,,
,,,,,,,,,,,,0,0,,,0,,0,0,,0,0,N/A,0,0,0,,,,,0.00,,,,,,,,,,,,,0,"
",,,,,,,,,,,,,,,,,,,,,,,,,,,,,,,,,,,,,,,,,,,,,,,,,,,,,,,,,,,,,,,,,,,,,,,,,,,,,,0,,,,,,,,,,,,
,,,,,,,,,,,,0,0,,,0,,0,0,,0,0,N/A,0,0,0,,,,,0.00,,,,,,,,,,,,,0,"
",,,,,,,,,,,,,,,,,,,,,,,,,,,,,,,,,,,,,,,,,,,,,,,,,,,,,,,,,,,,,,,,,,,,,,,,,,,,,,0,,,,,,,,,,,,
,,,,,,,,,,,,0,0,,,0,,0,0,,0,0,N/A,0,0,0,,,,,0.00,,,,,,,,,,,,,0,"
",,,,,,,,,,,,,,,,,,,,,,,,,,,,,,,,,,,,,,,,,,,,,,,,,,,,,,,,,,,,,,,,,,,,,,,,,,,,,,0,,,,,,,,,,,,
,,,,,,,,,,,,0,0,,,0,,0,0,,0,0,N/A,0,0,0,,,,,0.00,,,,,,,,,,,,,0,"
",,,,,,,,,,,,,,,,,,,,,,,,,,,,,,,,,,,,,,,,,,,,,,,,,,,,,,,,,,,,,,,,,,,,,,,,,,,,,,0,,,,,,,,,,,,
,,,,,,,,,,,,0,0,,,0,,0,0,,0,0,N/A,0,0,0,,,,,0.00,,,,,,,,,,,,,0,"
",,,,,,,,,,,,,,,,,,,,,,,,,,,,,,,,,,,,,,,,,,,,,,,,,,,,,,,,,,,,,,,,,,,,,,,,,,,,,,0,,,,,,,,,,,,
,,,,,,,,,,,,0,0,,,0,,0,0,,0,0,N/A,0,0,0,,,,,0.00,,,,,,,,,,,,,0,"
",,,,,,,,,,,,,,,,,,,,,,,,,,,,,,,,,,,,,,,,,,,,,,,,,,,,,,,,,,,,,,,,,,,,,,,,,,,,,,0,,,,,,,,,,,,
,,,,,,,,,,,,0,0,,,0,,0,0,,0,0,N/A,0,0,0,,,,,0.00,,,,,,,,,,,,,0,"
",,,,,,,,,,,,,,,,,,,,,,,,,,,,,,,,,,,,,,,,,,,,,,,,,,,,,,,,,,,,,,,,,,,,,,,,,,,,,,0,,,,,,,,,,,,
,,,,,,,,,,,,0,0,,,0,,0,0,,0,0,N/A,0,0,0,,,,,0.00,,,,,,,,,,,,,0,"
",,,,,,,,,,,,,,,,,,,,,,,,,,,,,,,,,,,,,,,,,,,,,,,,,,,,,,,,,,,,,,,,,,,,,,,,,,,,,,0,,,,,,,,,,,,
,,,,,,,,,,,,0,0,,,0,,0,0,,0,0,N/A,0,0,0,,,,,0.00,,,,,,,,,,,,,0,"
",,,,,,,,,,,,,,,,,,,,,,,,,,,,,,,,,,,,,,,,,,,,,,,,,,,,,,,,,,,,,,,,,,,,,,,,,,,,,,0,,,,,,,,,,,,
,,,,,,,,,,,,0,0,,,0,,0,0,,0,0,N/A,0,0,0,,,,,0.00,,,,,,,,,,,,,0,"
",,,,,,,,,,,,,,,,,,,,,,,,,,,,,,,,,,,,,,,,,,,,,,,,,,,,,,,,,,,,,,,,,,,,,,,,,,,,,,0,,,,,,,,,,,,
,,,,,,,,,,,,0,0,,,0,,0,0,,0,0,N/A,0,0,0,,,,,0.00,,,,,,,,,,,,,0,"
",,,,,,,,,,,,,,,,,,,,,,,,,,,,,,,,,,,,,,,,,,,,,,,,,,,,,,,,,,,,,,,,,,,,,,,,,,,,,,0,,,,,,,,,,,,
,,,,,,,,,,,,0,0,,,0,,0,0,,0,0,N/A,0,0,0,,,,,0.00,,,,,,,,,,,,,0,"
",,,,,,,,,,,,,,,,,,,,,,,,,,,,,,,,,,,,,,,,,,,,,,,,,,,,,,,,,,,,,,,,,,,,,,,,,,,,,,0,,,,,,,,,,,,
,,,,,,,,,,,,0,0,,,0,,0,0,,0,0,N/A,0,0,0,,,,,0.00,,,,,,,,,,,,,0,"
",,,,,,,,,,,,,,,,,,,,,,,,,,,,,,,,,,,,,,,,,,,,,,,,,,,,,,,,,,,,,,,,,,,,,,,,,,,,,,0,,,,,,,,,,,,
,,,,,,,,,,,,0,0,,,0,,0,0,,0,0,N/A,0,0,0,,,,,0.00,,,,,,,,,,,,,0,"
",,,,,,,,,,,,,,,,,,,,,,,,,,,,,,,,,,,,,,,,,,,,,,,,,,,,,,,,,,,,,,,,,,,,,,,,,,,,,,0,,,,,,,,,,,,
,,,,,,,,,,,,0,0,,,0,,0,0,,0,0,N/A,0,0,0,,,,,0.00,,,,,,,,,,,,,0,"
",,,,,,,,,,,,,,,,,,,,,,,,,,,,,,,,,,,,,,,,,,,,,,,,,,,,,,,,,,,,,,,,,,,,,,,,,,,,,,0,,,,,,,,,,,,
,,,,,,,,,,,,0,0,,,0,,0,0,,0,0,N/A,0,0,0,,,,,0.00,,,,,,,,,,,,,0,"
",,,,,,,,,,,,,,,,,,,,,,,,,,,,,,,,,,,,,,,,,,,,,,,,,,,,,,,,,,,,,,,,,,,,,,,,,,,,,,0,,,,,,,,,,,,
,,,,,,,,,,,,0,0,,,0,,0,0,,0,0,N/A,0,0,0,,,,,0.00,,,,,,,,,,,,,0,"
",,,,,,,,,,,,,,,,,,,,,,,,,,,,,,,,,,,,,,,,,,,,,,,,,,,,,,,,,,,,,,,,,,,,,,,,,,,,,,0,,,,,,,,,,,,
,,,,,,,,,,,,0,0,,,0,,0,0,,0,0,N/A,0,0,0,,,,,0.00,,,,,,,,,,,,,0,"
",,,,,,,,,,,,,,,,,,,,,,,,,,,,,,,,,,,,,,,,,,,,,,,,,,,,,,,,,,,,,,,,,,,,,,,,,,,,,,0,,,,,,,,,,,,
,,,,,,,,,,,,0,0,,,0,,0,0,,0,0,N/A,0,0,0,,,,,0.00,,,,,,,,,,,,,0,"
",,,,,,,,,,,,,,,,,,,,,,,,,,,,,,,,,,,,,,,,,,,,,,,,,,,,,,,,,,,,,,,,,,,,,,,,,,,,,,0,,,,,,,,,,,,
,,,,,,,,,,,,0,0,,,0,,0,0,,0,0,N/A,0,0,0,,,,,0.00,,,,,,,,,,,,,0,"
",,,,,,,,,,,,,,,,,,,,,,,,,,,,,,,,,,,,,,,,,,,,,,,,,,,,,,,,,,,,,,,,,,,,,,,,,,,,,,0,,,,,,,,,,,,
,,,,,,,,,,,,0,0,,,0,,0,0,,0,0,N/A,0,0,0,,,,,0.00,,,,,,,,,,,,,0,"
",,,,,,,,,,,,,,,,,,,,,,,,,,,,,,,,,,,,,,,,,,,,,,,,,,,,,,,,,,,,,,,,,,,,,,,,,,,,,,0,,,,,,,,,,,,
,,,,,,,,,,,,0,0,,,0,,0,0,,0,0,N/A,0,0,0,,,,,0.00,,,,,,,,,,,,,0,"
",,,,,,,,,,,,,,,,,,,,,,,,,,,,,,,,,,,,,,,,,,,,,,,,,,,,,,,,,,,,,,,,,,,,,,,,,,,,,,0,,,,,,,,,,,,
,,,,,,,,,,,,0,0,,,0,,0,0,,0,0,N/A,0,0,0,,,,,0.00,,,,,,,,,,,,,0,"
",,,,,,,,,,,,,,,,,,,,,,,,,,,,,,,,,,,,,,,,,,,,,,,,,,,,,,,,,,,,,,,,,,,,,,,,,,,,,,0,,,,,,,,,,,,
,,,,,,,,,,,,0,0,,,0,,0,0,,0,0,N/A,0,0,0,,,,,0.00,,,,,,,,,,,,,0,"
",,,,,,,,,,,,,,,,,,,,,,,,,,,,,,,,,,,,,,,,,,,,,,,,,,,,,,,,,,,,,,,,,,,,,,,,,,,,,,0,,,,,,,,,,,,
,,,,,,,,,,,,0,0,,,0,,0,0,,0,0,N/A,0,0,0,,,,,0.00,,,,,,,,,,,,,0,"
",,,,,,,,,,,,,,,,,,,,,,,,,,,,,,,,,,,,,,,,,,,,,,,,,,,,,,,,,,,,,,,,,,,,,,,,,,,,,,0,,,,,,,,,,,,
,,,,,,,,,,,,0,0,,,0,,0,0,,0,0,N/A,0,0,0,,,,,0.00,,,,,,,,,,,,,0,"
",,,,,,,,,,,,,,,,,,,,,,,,,,,,,,,,,,,,,,,,,,,,,,,,,,,,,,,,,,,,,,,,,,,,,,,,,,,,,,0,,,,,,,,,,,,
,,,,,,,,,,,,0,0,,,0,,0,0,,0,0,N/A,0,0,0,,,,,0.00,,,,,,,,,,,,,0,"
",,,,,,,,,,,,,,,,,,,,,,,,,,,,,,,,,,,,,,,,,,,,,,,,,,,,,,,,,,,,,,,,,,,,,,,,,,,,,,0,,,,,,,,,,,,
,,,,,,,,,,,,,,,,,,,,,,,N/A,,,,,,,,,,,,,,,,,,,,,,,,,,,,,,,,,,,,,,,,,,,,,,,,,,,,,,,,,,,,,,,,,,,,,,,,,,,,,,,,,,,,,,,,,,,,,,,,,,,,,,,,,,,,,,,,
,,,,,,,,,,,,,,,,,,,,,,,N/A,,,,,,,,,,,,,,,,,,,,,,,,,,,,,,,,,,,,,,,,,,,,,,,,,,,,,,,,,,,,,,,,,,,,,,,,,,,,,,,,,,,,,,,,,,,,,,,,,,,,,,,,,,,,,,,,
,,,,,,,,,,,,,,,,,,,,,,,N/A,,,,,,,,,,,,,,,,,,,,,,,,,,,,,,,,,,,,,,,,,,,,,,,,,,,,,,,,,,,,,,,,,,,,,,,,,,,,,,,,,,,,,,,,,,,,,,,,,,,,,,,,,,,,,,,,
,,,,,,,,,,,,,,,,,,,,,,,N/A,,,,,,,,,,,,,,,,,,,,,,,,,,,,,,,,,,,,,,,,,,,,,,,,,,,,,,,,,,,,,,,,,,,,,,,,,,,,,,,,,,,,,,,,,,,,,,,,,,,,,,,,,,,,,,,,
,,,,,,,,,,,,,,,,,,,,,,,N/A,,,,,,,,,,,,,,,,,,,,,,,,,,,,,,,,,,,,,,,,,,,,,,,,,,,,,,,,,,,,,,,,,,,,,,,,,,,,,,,,,,,,,,,,,,,,,,,,,,,,,,,,,,,,,,,,
,,,,,,,,,,,,,,,,,,,,,,,N/A,,,,,,,,,,,,,,,,,,,,,,,,,,,,,,,,,,,,,,,,,,,,,,,,,,,,,,,,,,,,,,,,,,,,,,,,,,,,,,,,,,,,,,,,,,,,,,,,,,,,,,,,,,,,,,,,
,,,,,,,,,,,,,,,,,,,,,,,N/A,,,,,,,,,,,,,,,,,,,,,,,,,,,,,,,,,,,,,,,,,,,,,,,,,,,,,,,,,,,,,,,,,,,,,,,,,,,,,,,,,,,,,,,,,,,,,,,,,,,,,,,,,,,,,,,,
,,,,,,,,,,,,,,,,,,,,,,,N/A,,,,,,,,,,,,,,,,,,,,,,,,,,,,,,,,,,,,,,,,,,,,,,,,,,,,,,,,,,,,,,,,,,,,,,,,,,,,,,,,,,,,,,,,,,,,,,,,,,,,,,,,,,,,,,,,
,,,,,,,,,,,,,,,,,,,,,,,N/A,,,,,,,,,,,,,,,,,,,,,,,,,,,,,,,,,,,,,,,,,,,,,,,,,,,,,,,,,,,,,,,,,,,,,,,,,,,,,,,,,,,,,,,,,,,,,,,,,,,,,,,,,,,,,,,,
,,,,,,,,,,,,,,,,,,,,,,,N/A,,,,,,,,,,,,,,,,,,,,,,,,,,,,,,,,,,,,,,,,,,,,,,,,,,,,,,,,,,,,,,,,,,,,,,,,,,,,,,,,,,,,,,,,,,,,,,,,,,,,,,,,,,,,,,,,
,,,,,,,,,,,,,,,,,,,,,,,N/A,,,,,,,,,,,,,,,,,,,,,,,,,,,,,,,,,,,,,,,,,,,,,,,,,,,,,,,,,,,,,,,,,,,,,,,,,,,,,,,,,,,,,,,,,,,,,,,,,,,,,,,,,,,,,,,,
,,,,,,,,,,,,,,,,,,,,,,,N/A,,,,,,,,,,,,,,,,,,,,,,,,,,,,,,,,,,,,,,,,,,,,,,,,,,,,,,,,,,,,,,,,,,,,,,,,,,,,,,,,,,,,,,,,,,,,,,,,,,,,,,,,,,,,,,,,
,,,,,,,,,,,,,,,,,,,,,,,N/A,,,,,,,,,,,,,,,,,,,,,,,,,,,,,,,,,,,,,,,,,,,,,,,,,,,,,,,,,,,,,,,,,,,,,,,,,,,,,,,,,,,,,,,,,,,,,,,,,,,,,,,,,,,,,,,,